Time,Stretch,Alpha,Stress,Energy_W0
0,1,0,0,0
0.001,1.00015,0,39.3973,0.00295414
0.002,1.0003,0,78.824,0.0118183
0.003,1.00045,0,118.28,0.0265951
0.004,1.0006,0,157.765,0.0472872
0.005,1.00075,0,197.28,0.0738972
0.006,1.0009,0,236.824,0.106428
0.007,1.00105,0,276.397,0.144881
0.008,1.0012,0,316,0.189261
0.009,1.00135,0,355.632,0.239568
0.01,1.0015,0,395.293,0.295807
0.011,1.00165,0,434.984,0.35798
0.012,1.0018,0,474.704,0.426088
0.013,1.00195,0,514.453,0.500136
0.014,1.0021,0,554.232,0.580125
0.015,1.00225,0,594.041,0.666058
0.016,1.0024,0,633.879,0.757938
0.017,1.00255,0,673.746,0.855767
0.018,1.0027,0,713.643,0.959548
0.019,1.00285,0,753.569,1.06928
0.02,1.003,0,793.525,1.18498
0.021,1.00315,0,833.51,1.30663
0.022,1.0033,0,873.524,1.43425
0.023,1.00345,0,913.569,1.56783
0.024,1.0036,0,953.642,1.70738
0.025,1.00375,0,993.746,1.85289
0.026,1.0039,0,1033.88,2.00439
0.027,1.00405,0,1074.04,2.16185
0.028,1.0042,0,1114.23,2.3253
0.029,1.00435,0,1154.45,2.49473
0.03,1.0045,0,1194.71,2.67014
0.031,1.00465,0,1234.99,2.85153
0.032,1.0048,0,1275.3,3.03892
0.033,1.00495,0,1315.64,3.2323
0.034,1.0051,0,1356.01,3.43167
0.035,1.00525,0,1396.41,3.63703
0.036,1.0054,0,1436.83,3.8484
0.037,1.00555,0,1477.29,4.06577
0.038,1.0057,0,1517.78,4.28914
0.039,1.00585,0,1558.3,4.51852
0.04,1.006,0,1598.85,4.75392
0.041,1.00615,0,1639.42,4.99532
0.042,1.0063,0,1680.03,5.24274
0.043,1.00645,0,1720.67,5.49617
0.044,1.0066,0,1761.33,5.75563
0.045,1.00675,0,1802.03,6.02111
0.046,1.0069,0,1842.76,6.29262
0.047,1.00705,0,1883.51,6.57015
0.048,1.0072,0,1924.3,6.85371
0.049,1.00735,0,1965.11,7.14331
0.05,1.0075,0,2005.96,7.43895
0.051,1.00765,0,2046.83,7.74062
0.052,1.0078,0,2087.74,8.04834
0.053,1.00795,0,2128.67,8.3621
0.054,1.0081,0,2169.64,8.6819
0.055,1.00825,0,2210.63,9.00776
0.056,1.0084,0,2251.66,9.33967
0.057,1.00855,0,2292.71,9.67763
0.058,1.0087,0,2333.79,10.0216
0.059,1.00885,0,2374.91,10.3717
0.06,1.009,0,2416.05,10.7279
0.061,1.00915,0,2457.22,11.0901
0.062,1.0093,0,2498.43,11.4584
0.063,1.00945,0,2539.66,11.8327
0.064,1.0096,0,2580.93,12.2131
0.065,1.00975,0,2622.22,12.5996
0.066,1.0099,0,2663.54,12.9922
0.067,1.01005,0,2704.9,13.3908
0.068,1.0102,0,2746.28,13.7956
0.069,1.01035,0,2787.69,14.2064
0.07,1.0105,0,2829.14,14.6233
0.071,1.01065,0,2870.61,15.0463
0.072,1.0108,0,2912.11,15.4754
0.073,1.01095,0,2953.65,15.9106
0.074,1.0111,0,2995.21,16.3519
0.075,1.01125,0,3036.8,16.7993
0.076,1.0114,0,3078.43,17.2528
0.077,1.01155,0,3120.08,17.7125
0.078,1.0117,0,3161.76,18.1782
0.079,1.01185,0,3203.48,18.65
0.08,1.012,0,3245.22,19.128
0.081,1.01215,0,3287,19.612
0.082,1.0123,0,3328.8,20.1022
0.083,1.01245,0,3370.64,20.5985
0.084,1.0126,0,3412.5,21.101
0.085,1.01275,0,3454.4,21.6096
0.086,1.0129,0,3496.32,22.1243
0.087,1.01305,0,3538.28,22.6451
0.088,1.0132,0,3580.26,23.1721
0.089,1.01335,0,3622.28,23.7052
0.09,1.0135,0,3664.32,24.2444
0.091,1.01365,0,3706.4,24.7898
0.092,1.0138,0,3748.51,25.3414
0.093,1.01395,0,3790.64,25.8991
0.094,1.0141,0,3832.81,26.4629
0.095,1.01425,0,3875.01,27.0329
0.096,1.0144,0,3917.23,27.6091
0.097,1.01455,0,3959.49,28.1914
0.098,1.0147,0,4001.78,28.7799
0.099,1.01485,0,4044.1,29.3746
0.1,1.015,0,4086.45,29.9754
0.101,1.01515,0,4128.83,30.5824
0.102,1.0153,0,4171.24,31.1956
0.103,1.01545,0,4213.68,31.8149
0.104,1.0156,0,4256.15,32.4404
0.105,1.01575,0,4298.65,33.0721
0.106,1.0159,0,4341.18,33.71
0.107,1.01605,0,4383.74,34.3541
0.108,1.0162,0,4426.33,35.0044
0.109,1.01635,0,4468.95,35.6608
0.11,1.0165,0,4511.61,36.3235
0.111,1.01665,0,4554.29,36.9923
0.112,1.0168,0,4597,37.6674
0.113,1.01695,0,4639.75,38.3487
0.114,1.0171,0,4682.52,39.0361
0.115,1.01725,0,4725.33,39.7298
0.116,1.0174,0,4768.16,40.4297
0.117,1.01755,0,4811.03,41.1358
0.118,1.0177,0,4853.92,41.8481
0.119,1.01785,0,4896.85,42.5666
0.12,1.018,0,4939.81,43.2914
0.121,1.01815,0,4982.8,44.0224
0.122,1.0183,0,5025.82,44.7596
0.123,1.01845,0,5068.87,45.503
0.124,1.0186,0,5111.95,46.2527
0.125,1.01875,0,5155.06,47.0086
0.126,1.0189,0,5198.2,47.7708
0.127,1.01905,0,5241.37,48.5391
0.128,1.0192,0,5284.57,49.3138
0.129,1.01935,0,5327.81,50.0947
0.13,1.0195,0,5371.07,50.8818
0.131,1.01965,0,5414.36,51.6752
0.132,1.0198,0,5457.69,52.4748
0.133,1.01995,0,5501.04,53.2807
0.134,1.0201,0,5544.43,54.0928
0.135,1.02025,0,5587.85,54.9112
0.136,1.0204,0,5631.3,55.7359
0.137,1.02055,0,5674.78,56.5668
0.138,1.0207,0,5718.28,57.4041
0.139,1.02085,0,5761.82,58.2475
0.14,1.021,0,5805.4,59.0973
0.141,1.02115,0,5849,59.9533
0.142,1.0213,0,5892.63,60.8157
0.143,1.02145,0,5936.29,61.6843
0.144,1.0216,0,5979.99,62.5591
0.145,1.02175,0,6023.71,63.4403
0.146,1.0219,0,6067.47,64.3278
0.147,1.02205,0,6111.25,65.2216
0.148,1.0222,0,6155.07,66.1216
0.149,1.02235,0,6198.92,67.028
0.15,1.0225,0,6242.8,67.9406
0.151,1.02265,0,6286.71,68.8596
0.152,1.0228,0,6330.65,69.7849
0.153,1.02295,0,6374.62,70.7165
0.154,1.0231,0,6418.63,71.6544
0.155,1.02325,0,6462.66,72.5986
0.156,1.0234,0,6506.72,73.5491
0.157,1.02355,0,6550.82,74.506
0.158,1.0237,0,6594.95,75.4691
0.159,1.02385,0,6639.1,76.4386
0.16,1.024,0,6683.29,77.4145
0.161,1.02415,0,6727.51,78.3966
0.162,1.0243,0,6771.76,79.3851
0.163,1.02445,0,6816.04,80.38
0.164,1.0246,0,6860.36,81.3812
0.165,1.02475,0,6904.7,82.3887
0.166,1.0249,0,6949.07,83.4025
0.167,1.02505,0,6993.48,84.4227
0.168,1.0252,0,7037.92,85.4493
0.169,1.02535,0,7082.39,86.4822
0.17,1.0255,0,7126.88,87.5215
0.171,1.02565,0,7171.41,88.5671
0.172,1.0258,0,7215.98,89.6191
0.173,1.02595,0,7260.57,90.6775
0.174,1.0261,0,7305.19,91.7422
0.175,1.02625,0,7349.85,92.8133
0.176,1.0264,0,7394.53,93.8907
0.177,1.02655,0,7439.25,94.9746
0.178,1.0267,0,7484,96.0648
0.179,1.02685,0,7528.78,97.1614
0.18,1.027,0,7573.59,98.2644
0.181,1.02715,0,7618.43,99.3737
0.182,1.0273,0,7663.3,100.489
0.183,1.02745,0,7708.2,101.612
0.184,1.0276,0,7753.14,102.74
0.185,1.02775,0,7798.11,103.875
0.186,1.0279,0,7843.1,105.016
0.187,1.02805,0,7888.13,106.164
0.188,1.0282,0,7933.19,107.318
0.189,1.02835,0,7978.29,108.479
0.19,1.0285,0,8023.41,109.646
0.191,1.02865,0,8068.56,110.819
0.192,1.0288,0,8113.75,111.999
0.193,1.02895,0,8158.97,113.185
0.194,1.0291,0,8204.21,114.378
0.195,1.02925,0,8249.49,115.577
0.196,1.0294,0,8294.8,116.782
0.197,1.02955,0,8340.15,117.994
0.198,1.0297,0,8385.52,119.213
0.199,1.02985,0,8430.93,120.437
0.2,1.03,0,8476.36,121.669
0.201,1.03015,0,8521.83,122.906
0.202,1.0303,0,8567.33,124.15
0.203,1.03045,0,8612.86,125.401
0.204,1.0306,0,8658.42,126.658
0.205,1.03075,0,8704.02,127.921
0.206,1.0309,0,8749.64,129.191
0.207,1.03105,0,8795.3,130.467
0.208,1.0312,0,8840.99,131.75
0.209,1.03135,0,8886.71,133.039
0.21,1.0315,0,8932.46,134.335
0.211,1.03165,0,8978.24,135.637
0.212,1.0318,0,9024.06,136.946
0.213,1.03195,0,9069.9,138.261
0.214,1.0321,0,9115.78,139.583
0.215,1.03225,0,9161.69,140.911
0.216,1.0324,0,9207.63,142.245
0.217,1.03255,0,9253.6,143.586
0.218,1.0327,0,9299.61,144.934
0.219,1.03285,0,9345.64,146.288
0.22,1.033,0,9391.71,147.648
0.221,1.03315,0,9437.81,149.015
0.222,1.0333,0,9483.94,150.389
0.223,1.03345,0,9530.1,151.769
0.224,1.0336,0,9576.29,153.155
0.225,1.03375,0,9622.52,154.548
0.226,1.0339,0,9668.78,155.948
0.227,1.03405,0,9715.07,157.354
0.228,1.0342,0,9761.39,158.766
0.229,1.03435,0,9807.74,160.186
0.23,1.0345,0,9854.12,161.611
0.231,1.03465,0,9900.54,163.043
0.232,1.0348,0,9946.99,164.482
0.233,1.03495,0,9993.47,165.927
0.234,1.0351,0,10040,167.379
0.235,1.03525,0,10086.5,168.837
0.236,1.0354,0,10133.1,170.302
0.237,1.03555,0,10179.7,171.773
0.238,1.0357,0,10226.3,173.251
0.239,1.03585,0,10273,174.735
0.24,1.036,0,10319.7,176.226
0.241,1.03615,0,10366.4,177.723
0.242,1.0363,0,10413.2,179.227
0.243,1.03645,0,10460,180.738
0.244,1.0366,0,10506.8,182.255
0.245,1.03675,0,10553.7,183.779
0.246,1.0369,0,10600.6,185.309
0.247,1.03705,0,10647.5,186.846
0.248,1.0372,0,10694.5,188.389
0.249,1.03735,0,10741.5,189.939
0.25,1.0375,0,10788.5,191.495
0.251,1.03765,0,10835.5,193.058
0.252,1.0378,0,10882.6,194.628
0.253,1.03795,0,10929.7,196.204
0.254,1.0381,0,10976.9,197.787
0.255,1.03825,0,11024.1,199.376
0.256,1.0384,0,11071.3,200.972
0.257,1.03855,0,11118.5,202.575
0.258,1.0387,0,11165.8,204.184
0.259,1.03885,0,11213.1,205.8
0.26,1.039,0,11260.5,207.422
0.261,1.03915,0,11307.8,209.051
0.262,1.0393,0,11355.2,210.687
0.263,1.03945,0,11402.7,212.329
0.264,1.0396,0,11450.1,213.978
0.265,1.03975,0,11497.6,215.633
0.266,1.0399,0,11545.2,217.295
0.267,1.04005,0,11592.7,218.964
0.268,1.0402,0,11640.3,220.639
0.269,1.04035,0,11688,222.321
0.27,1.0405,0,11735.6,224.01
0.271,1.04065,0,11783.3,225.705
0.272,1.0408,0,11831.1,227.407
0.273,1.04095,0,11878.8,229.115
0.274,1.0411,0,11926.6,230.83
0.275,1.04125,0,11974.4,232.552
0.276,1.0414,0,12022.3,234.28
0.277,1.04155,0,12070.2,236.015
0.278,1.0417,0,12118.1,237.757
0.279,1.04185,0,12166.1,239.505
0.28,1.042,0,12214,241.26
0.281,1.04215,0,12262.1,243.021
0.282,1.0423,0,12310.1,244.79
0.283,1.04245,0,12358.2,246.565
0.284,1.0426,0,12406.3,248.346
0.285,1.04275,0,12454.5,250.134
0.286,1.0429,0,12502.6,251.929
0.287,1.04305,0,12550.8,253.731
0.288,1.0432,0,12599.1,255.539
0.289,1.04335,0,12647.4,257.354
0.29,1.0435,0,12695.7,259.176
0.291,1.04365,0,12744,261.004
0.292,1.0438,0,12792.4,262.839
0.293,1.04395,0,12840.8,264.681
0.294,1.0441,0,12889.2,266.529
0.295,1.04425,0,12937.7,268.384
0.296,1.0444,0,12986.2,270.246
0.297,1.04455,0,13034.7,272.114
0.298,1.0447,0,13083.3,273.99
0.299,1.04485,0,13131.9,275.871
0.3,1.045,0,13180.5,277.76
0.301,1.04515,0,13229.2,279.655
0.302,1.0453,0,13277.9,281.557
0.303,1.04545,0,13326.6,283.466
0.304,1.0456,0,13375.4,285.382
0.305,1.04575,0,13424.2,287.304
0.306,1.0459,0,13473,289.233
0.307,1.04605,0,13521.9,291.168
0.308,1.0462,0,13570.8,293.111
0.309,1.04635,0,13619.7,295.06
0.31,1.0465,0,13668.7,297.015
0.311,1.04665,0,13717.7,298.978
0.312,1.0468,0,13766.7,300.947
0.313,1.04695,0,13815.7,302.923
0.314,1.0471,0,13864.8,304.906
0.315,1.04725,0,13913.9,306.896
0.316,1.0474,0,13963.1,308.892
0.317,1.04755,0,14012.3,310.895
0.318,1.0477,0,14061.5,312.905
0.319,1.04785,0,14110.8,314.922
0.32,1.048,0,14160,316.945
0.321,1.04815,0,14209.4,318.975
0.322,1.0483,0,14258.7,321.012
0.323,1.04845,0,14308.1,323.056
0.324,1.0486,0,14357.5,325.106
0.325,1.04875,0,14407,327.163
0.326,1.0489,0,14456.4,329.227
0.327,1.04905,0,14506,331.298
0.328,1.0492,0,14555.5,333.375
0.329,1.04935,0,14605.1,335.46
0.33,1.0495,0,14654.7,337.551
0.331,1.04965,0,14704.4,339.649
0.332,1.0498,0,14754,341.754
0.333,1.04995,0,14803.7,343.865
0.334,1.0501,0,14853.5,345.983
0.335,1.05025,0,14903.3,348.109
0.336,1.0504,0,14953.1,350.24
0.337,1.05055,0,15002.9,352.379
0.338,1.0507,0,15052.8,354.525
0.339,1.05085,0,15102.7,356.677
0.34,1.051,0,15152.7,358.836
0.341,1.05115,0,15202.6,361.002
0.342,1.0513,0,15252.6,363.175
0.343,1.05145,0,15302.7,365.355
0.344,1.0516,0,15352.8,367.541
0.345,1.05175,0,15402.9,369.735
0.346,1.0519,0,15453,371.935
0.347,1.05205,0,15503.2,374.142
0.348,1.0522,0,15553.4,376.356
0.349,1.05235,0,15603.6,378.576
0.35,1.0525,0,15653.9,380.804
0.351,1.05265,0,15704.2,383.038
0.352,1.0528,0,15754.5,385.28
0.353,1.05295,0,15804.9,387.528
0.354,1.0531,0,15855.3,389.783
0.355,1.05325,0,15905.8,392.044
0.356,1.0534,0,15956.2,394.313
0.357,1.05355,0,16006.7,396.589
0.358,1.0537,0,16057.3,398.871
0.359,1.05385,0,16107.8,401.16
0.36,1.054,0,16158.4,403.456
0.361,1.05415,0,16209.1,405.759
0.362,1.0543,0,16259.7,408.069
0.363,1.05445,0,16310.5,410.386
0.364,1.0546,0,16361.2,412.71
0.365,1.05475,0,16412,415.04
0.366,1.0549,0,16462.8,417.378
0.367,1.05505,0,16513.6,419.722
0.368,1.0552,0,16564.5,422.073
0.369,1.05535,0,16615.4,424.432
0.37,1.0555,0,16666.3,426.797
0.371,1.05565,0,16717.3,429.169
0.372,1.0558,0,16768.3,431.547
0.373,1.05595,0,16819.3,433.933
0.374,1.0561,0,16870.4,436.326
0.375,1.05625,0,16921.5,438.725
0.376,1.0564,0,16972.6,441.132
0.377,1.05655,0,17023.8,443.545
0.378,1.0567,0,17075,445.966
0.379,1.05685,0,17126.2,448.393
0.38,1.057,0,17177.5,450.827
0.381,1.05715,0,17228.8,453.268
0.382,1.0573,0,17280.1,455.716
0.383,1.05745,0,17331.5,458.171
0.384,1.0576,0,17382.9,460.633
0.385,1.05775,0,17434.4,463.102
0.386,1.0579,0,17485.8,465.578
0.387,1.05805,0,17537.3,468.061
0.388,1.0582,0,17588.9,470.551
0.389,1.05835,0,17640.4,473.047
0.39,1.0585,0,17692,475.551
0.391,1.05865,0,17743.7,478.062
0.392,1.0588,0,17795.3,480.579
0.393,1.05895,0,17847.1,483.104
0.394,1.0591,0,17898.8,485.635
0.395,1.05925,0,17950.6,488.174
0.396,1.0594,0,18002.4,490.719
0.397,1.05955,0,18054.2,493.272
0.398,1.0597,0,18106.1,495.831
0.399,1.05985,0,18158,498.398
0.4,1.06,0,18209.9,500.971
0.401,1.06015,0,18261.9,503.551
0.402,1.0603,0,18313.9,506.139
0.403,1.06045,0,18366,508.733
0.404,1.0606,0,18418,511.334
0.405,1.06075,0,18470.1,513.943
0.406,1.0609,0,18522.3,516.558
0.407,1.06105,0,18574.5,519.18
0.408,1.0612,0,18626.7,521.81
0.409,1.06135,0,18678.9,524.446
0.41,1.0615,0,18731.2,527.09
0.411,1.06165,0,18783.5,529.74
0.412,1.0618,0,18835.8,532.397
0.413,1.06195,0,18888.2,535.062
0.414,1.0621,0,18940.6,537.733
0.415,1.06225,0,18993.1,540.412
0.416,1.0624,0,19045.6,543.097
0.417,1.06255,0,19098.1,545.79
0.418,1.0627,0,19150.6,548.489
0.419,1.06285,0,19203.2,551.196
0.42,1.063,0,19255.8,553.91
0.421,1.06315,0,19308.5,556.63
0.422,1.0633,0,19361.1,559.358
0.423,1.06345,0,19413.9,562.093
0.424,1.0636,0,19466.6,564.835
0.425,1.06375,0,19519.4,567.584
0.426,1.0639,0,19572.2,570.34
0.427,1.06405,0,19625.1,573.103
0.428,1.0642,0,19677.9,575.873
0.429,1.06435,0,19730.9,578.65
0.43,1.0645,0,19783.8,581.434
0.431,1.06465,0,19836.8,584.226
0.432,1.0648,0,19889.8,587.024
0.433,1.06495,0,19942.9,589.829
0.434,1.0651,0,19996,592.642
0.435,1.06525,0,20049.1,595.461
0.436,1.0654,0,20102.3,598.288
0.437,1.06555,0,20155.4,601.122
0.438,1.0657,0,20208.7,603.963
0.439,1.06585,0,20261.9,606.811
0.44,1.066,0,20315.2,609.666
0.441,1.06615,0,20368.6,612.528
0.442,1.0663,0,20421.9,615.397
0.443,1.06645,0,20475.3,618.274
0.444,1.0666,0,20528.7,621.157
0.445,1.06675,0,20582.2,624.048
0.446,1.0669,0,20635.7,626.945
0.447,1.06705,0,20689.2,629.85
0.448,1.0672,0,20742.8,632.762
0.449,1.06735,0,20796.4,635.681
0.45,1.0675,0,20850,638.607
0.451,1.06765,0,20903.7,641.541
0.452,1.0678,0,20957.4,644.481
0.453,1.06795,0,21011.2,647.429
0.454,1.0681,0,21064.9,650.384
0.455,1.06825,0,21118.7,653.345
0.456,1.0684,0,21172.6,656.314
0.457,1.06855,0,21226.4,659.29
0.458,1.0687,0,21280.4,662.274
0.459,1.06885,0,21334.3,665.264
0.46,1.069,0,21388.3,668.262
0.461,1.06915,0,21442.3,671.267
0.462,1.0693,0,21496.3,674.278
0.463,1.06945,0,21550.4,677.297
0.464,1.0696,0,21604.5,680.324
0.465,1.06975,0,21658.7,683.357
0.466,1.0699,0,21712.9,686.398
0.467,1.07005,0,21767.1,689.445
0.468,1.0702,0,21821.3,692.5
0.469,1.07035,0,21875.6,695.562
0.47,1.0705,0,21929.9,698.632
0.471,1.07065,0,21984.3,701.708
0.472,1.0708,0,22038.7,704.792
0.473,1.07095,0,22093.1,707.883
0.474,1.0711,0,22147.6,710.981
0.475,1.07125,0,22202.1,714.086
0.476,1.0714,0,22256.6,717.198
0.477,1.07155,0,22311.2,720.318
0.478,1.0717,0,22365.8,723.445
0.479,1.07185,0,22420.4,726.579
0.48,1.072,0,22475.1,729.72
0.481,1.07215,0,22529.8,732.868
0.482,1.0723,0,22584.5,736.024
0.483,1.07245,0,22639.3,739.187
0.484,1.0726,0,22694.1,742.357
0.485,1.07275,0,22748.9,745.534
0.486,1.0729,0,22803.8,748.719
0.487,1.07305,0,22858.7,751.91
0.488,1.0732,0,22913.6,755.109
0.489,1.07335,0,22968.6,758.316
0.49,1.0735,0,23023.6,761.529
0.491,1.07365,0,23078.7,764.75
0.492,1.0738,0,23133.7,767.978
0.493,1.07395,0,23188.9,771.213
0.494,1.0741,0,23244,774.455
0.495,1.07425,0,23299.2,777.705
0.496,1.0744,0,23354.4,780.962
0.497,1.07455,0,23409.7,784.226
0.498,1.0747,0,23465,787.498
0.499,1.07485,0,23520.3,790.777
0.5,1.075,0,23575.6,794.062
0.501,1.07515,0,23631,797.356
0.502,1.0753,0,23686.5,800.656
0.503,1.07545,0,23741.9,803.964
0.504,1.0756,0,23797.4,807.279
0.505,1.07575,0,23853,810.602
0.506,1.0759,0,23908.5,813.931
0.507,1.07605,0,23964.1,817.268
0.508,1.0762,0,24019.8,820.612
0.509,1.07635,0,24075.4,823.964
0.51,1.0765,0,24131.1,827.323
0.511,1.07665,0,24186.9,830.689
0.512,1.0768,0,24242.7,834.062
0.513,1.07695,0,24298.5,837.443
0.514,1.0771,0,24354.3,840.831
0.515,1.07725,0,24410.2,844.226
0.516,1.0774,0,24466.1,847.629
0.517,1.07755,0,24522.1,851.039
0.518,1.0777,0,24578,854.456
0.519,1.07785,0,24634.1,857.88
0.52,1.078,0,24690.1,861.312
0.521,1.07815,0,24746.2,864.752
0.522,1.0783,0,24802.3,868.198
0.523,1.07845,0,24858.5,871.652
0.524,1.0786,0,24914.7,875.113
0.525,1.07875,0,24970.9,878.582
0.526,1.0789,0,25027.2,882.058
0.527,1.07905,0,25083.5,885.541
0.528,1.0792,0,25139.8,889.031
0.529,1.07935,0,25196.2,892.529
0.53,1.0795,0,25252.6,896.034
0.531,1.07965,0,25309.1,899.547
0.532,1.0798,0,25365.5,903.067
0.533,1.07995,0,25422,906.594
0.534,1.0801,0,25478.6,910.129
0.535,1.08025,0,25535.2,913.671
0.536,1.0804,0,25591.8,917.221
0.537,1.08055,0,25648.4,920.777
0.538,1.0807,0,25705.1,924.341
0.539,1.08085,0,25761.9,927.913
0.54,1.081,0,25818.6,931.492
0.541,1.08115,0,25875.4,935.078
0.542,1.0813,0,25932.2,938.672
0.543,1.08145,0,25989.1,942.273
0.544,1.0816,0,26046,945.881
0.545,1.08175,0,26102.9,949.497
0.546,1.0819,0,26159.9,953.12
0.547,1.08205,0,26216.9,956.751
0.548,1.0822,0,26273.9,960.389
0.549,1.08235,0,26331,964.035
0.55,1.0825,0,26388.1,967.687
0.551,1.08265,0,26445.3,971.348
0.552,1.0828,0,26502.5,975.015
0.553,1.08295,0,26559.7,978.69
0.554,1.0831,0,26616.9,982.373
0.555,1.08325,0,26674.2,986.063
0.556,1.0834,0,26731.5,989.76
0.557,1.08355,0,26788.9,993.465
0.558,1.0837,0,26846.3,997.177
0.559,1.08385,0,26903.7,1000.9
0.56,1.084,0,26961.2,1004.62
0.561,1.08415,0,27018.7,1008.36
0.562,1.0843,0,27076.2,1012.1
0.563,1.08445,0,27133.8,1015.85
0.564,1.0846,0,27191.4,1019.61
0.565,1.08475,0,27249,1023.37
0.566,1.0849,0,27306.7,1027.14
0.567,1.08505,0,27364.4,1030.92
0.568,1.0852,0,27422.2,1034.71
0.569,1.08535,0,27480,1038.5
0.57,1.0855,0,27537.8,1042.3
0.571,1.08565,0,27595.6,1046.11
0.572,1.0858,0,27653.5,1049.93
0.573,1.08595,0,27711.4,1053.75
0.574,1.0861,0,27769.4,1057.59
0.575,1.08625,0,27827.4,1061.42
0.576,1.0864,0,27885.4,1065.27
0.577,1.08655,0,27943.5,1069.12
0.578,1.0867,0,28001.6,1072.99
0.579,1.08685,0,28059.7,1076.85
0.58,1.087,0,28117.9,1080.73
0.581,1.08715,0,28176.1,1084.61
0.582,1.0873,0,28234.4,1088.51
0.583,1.08745,0,28292.7,1092.41
0.584,1.0876,0,28351,1096.31
0.585,1.08775,0,28409.3,1100.23
0.586,1.0879,0,28467.7,1104.15
0.587,1.08805,0,28526.1,1108.08
0.588,1.0882,0,28584.6,1112.01
0.589,1.08835,0,28643.1,1115.96
0.59,1.0885,0,28701.6,1119.91
0.591,1.08865,0,28760.2,1123.87
0.592,1.0888,0,28818.8,1127.83
0.593,1.08895,0,28877.4,1131.81
0.594,1.0891,0,28936.1,1135.79
0.595,1.08925,0,28994.8,1139.78
0.596,1.0894,0,29053.6,1143.77
0.597,1.08955,0,29112.4,1147.78
0.598,1.0897,0,29171.2,1151.79
0.599,1.08985,0,29230,1155.81
0.6,1.09,0,29288.9,1159.84
0.601,1.09015,0,29347.9,1163.87
0.602,1.0903,0,29406.8,1167.91
0.603,1.09045,0,29465.8,1171.96
0.604,1.0906,0,29524.9,1176.02
0.605,1.09075,0,29583.9,1180.08
0.606,1.0909,0,29643,1184.16
0.607,1.09105,0,29702.2,1188.24
0.608,1.0912,0,29761.4,1192.32
0.609,1.09135,0,29820.6,1196.42
0.61,1.0915,0,29879.8,1200.52
0.611,1.09165,0,29939.1,1204.63
0.612,1.0918,0,29998.4,1208.75
0.613,1.09195,0,30057.8,1212.87
0.614,1.0921,0,30117.2,1217.01
0.615,1.09225,0,30176.6,1221.15
0.616,1.0924,0,30236.1,1225.29
0.617,1.09255,0,30295.6,1229.45
0.618,1.0927,0,30355.1,1233.61
0.619,1.09285,0,30414.7,1237.78
0.62,1.093,0,30474.3,1241.96
0.621,1.09315,0,30533.9,1246.15
0.622,1.0933,0,30593.6,1250.34
0.623,1.09345,0,30653.4,1254.54
0.624,1.0936,0,30713.1,1258.75
0.625,1.09375,0,30772.9,1262.97
0.626,1.0939,0,30832.7,1267.19
0.627,1.09405,0,30892.6,1271.42
0.628,1.0942,0,30952.5,1275.66
0.629,1.09435,0,31012.4,1279.91
0.63,1.0945,0,31072.4,1284.17
0.631,1.09465,0,31132.4,1288.43
0.632,1.0948,0,31192.5,1292.7
0.633,1.09495,0,31252.5,1296.97
0.634,1.0951,0,31312.7,1301.26
0.635,1.09525,0,31372.8,1305.55
0.636,1.0954,0,31433,1309.85
0.637,1.09555,0,31493.2,1314.16
0.638,1.0957,0,31553.5,1318.48
0.639,1.09585,0,31613.8,1322.8
0.64,1.096,0,31674.1,1327.13
0.641,1.09615,0,31734.5,1331.47
0.642,1.0963,0,31794.9,1335.82
0.643,1.09645,0,31855.3,1340.17
0.644,1.0966,0,31915.8,1344.53
0.645,1.09675,0,31976.3,1348.9
0.646,1.0969,0,32036.9,1353.28
0.647,1.09705,0,32097.5,1357.66
0.648,1.0972,0,32158.1,1362.06
0.649,1.09735,0,32218.8,1366.46
0.65,1.0975,0,32279.5,1370.87
0.651,1.09765,0,32340.2,1375.28
0.652,1.0978,0,32401,1379.7
0.653,1.09795,0,32461.8,1384.14
0.654,1.0981,0,32522.6,1388.57
0.655,1.09825,0,32583.5,1393.02
0.656,1.0984,0,32644.4,1397.47
0.657,1.09855,0,32705.4,1401.94
0.658,1.0987,0,32766.4,1406.41
0.659,1.09885,0,32827.4,1410.88
0.66,1.099,0,32888.5,1415.37
0.661,1.09915,0,32949.6,1419.86
0.662,1.0993,0,33010.7,1424.36
0.663,1.09945,0,33071.9,1428.87
0.664,1.0996,0,33133.1,1433.39
0.665,1.09975,0,33194.4,1437.91
0.666,1.0999,0,33255.7,1442.44
0.667,1.10005,0,33317,1446.98
0.668,1.1002,0,33378.3,1451.53
0.669,1.10035,0,33439.7,1456.08
0.67,1.1005,0,33501.2,1460.64
0.671,1.10065,0,33562.6,1465.21
0.672,1.1008,0,33624.1,1469.79
0.673,1.10095,0,33685.7,1474.38
0.674,1.1011,0,33747.3,1478.97
0.675,1.10125,0,33808.9,1483.57
0.676,1.1014,0,33870.5,1488.18
0.677,1.10155,0,33932.2,1492.8
0.678,1.1017,0,33993.9,1497.42
0.679,1.10185,0,34055.7,1502.05
0.68,1.102,0,34117.5,1506.69
0.681,1.10215,0,34179.3,1511.34
0.682,1.1023,0,34241.2,1516
0.683,1.10245,0,34303.1,1520.66
0.684,1.1026,0,34365.1,1525.33
0.685,1.10275,0,34427,1530.01
0.686,1.1029,0,34489.1,1534.7
0.687,1.10305,0,34551.1,1539.39
0.688,1.1032,0,34613.2,1544.1
0.689,1.10335,0,34675.3,1548.81
0.69,1.1035,0,34737.5,1553.52
0.691,1.10365,0,34799.7,1558.25
0.692,1.1038,0,34862,1562.98
0.693,1.10395,0,34924.2,1567.72
0.694,1.1041,0,34986.6,1572.47
0.695,1.10425,0,35048.9,1577.23
0.696,1.1044,0,35111.3,1582
0.697,1.10455,0,35173.7,1586.77
0.698,1.1047,0,35236.2,1591.55
0.699,1.10485,0,35298.7,1596.34
0.7,1.105,0,35361.2,1601.13
0.701,1.10515,0,35423.8,1605.94
0.702,1.1053,0,35486.4,1610.75
0.703,1.10545,0,35549.1,1615.57
0.704,1.1056,0,35611.8,1620.4
0.705,1.10575,0,35674.5,1625.23
0.706,1.1059,0,35737.2,1630.08
0.707,1.10605,0,35800,1634.93
0.708,1.1062,0,35862.9,1639.79
0.709,1.10635,0,35925.7,1644.65
0.71,1.1065,0,35988.6,1649.53
0.711,1.10665,0,36051.6,1654.41
0.712,1.1068,0,36114.6,1659.3
0.713,1.10695,0,36177.6,1664.2
0.714,1.1071,0,36240.7,1669.11
0.715,1.10725,0,36303.8,1674.02
0.716,1.1074,0,36366.9,1678.94
0.717,1.10755,0,36430.1,1683.87
0.718,1.1077,0,36493.3,1688.81
0.719,1.10785,0,36556.5,1693.76
0.72,1.108,0,36619.8,1698.71
0.721,1.10815,0,36683.1,1703.67
0.722,1.1083,0,36746.5,1708.64
0.723,1.10845,0,36809.9,1713.62
0.724,1.1086,0,36873.3,1718.6
0.725,1.10875,0,36936.8,1723.6
0.726,1.1089,0,37000.3,1728.6
0.727,1.10905,0,37063.8,1733.61
0.728,1.1092,0,37127.4,1738.62
0.729,1.10935,0,37191,1743.65
0.73,1.1095,0,37254.7,1748.68
0.731,1.10965,0,37318.3,1753.72
0.732,1.1098,0,37382.1,1758.77
0.733,1.10995,0,37445.8,1763.83
0.734,1.1101,0,37509.6,1768.89
0.735,1.11025,0,37573.5,1773.96
0.736,1.1104,0,37637.4,1779.04
0.737,1.11055,0,37701.3,1784.13
0.738,1.1107,0,37765.2,1789.23
0.739,1.11085,0,37829.2,1794.33
0.74,1.111,0,37893.3,1799.44
0.741,1.11115,0,37957.3,1804.56
0.742,1.1113,0,38021.4,1809.69
0.743,1.11145,0,38085.6,1814.83
0.744,1.1116,0,38149.8,1819.97
0.745,1.11175,0,38214,1825.12
0.746,1.1119,0,38278.2,1830.28
0.747,1.11205,0,38342.5,1835.45
0.748,1.1122,0,38406.8,1840.63
0.749,1.11235,0,38471.2,1845.81
0.75,1.1125,0,38535.6,1851
0.751,1.11265,0,38600.1,1856.2
0.752,1.1128,0,38664.5,1861.41
0.753,1.11295,0,38729.1,1866.63
0.754,1.1131,0,38793.6,1871.85
0.755,1.11325,0,38858.2,1877.08
0.756,1.1134,0,38922.8,1882.32
0.757,1.11355,0,38987.5,1887.57
0.758,1.1137,0,39052.2,1892.83
0.759,1.11385,0,39117,1898.09
0.76,1.114,0,39181.7,1903.36
0.761,1.11415,0,39246.6,1908.64
0.762,1.1143,0,39311.4,1913.93
0.763,1.11445,0,39376.3,1919.22
0.764,1.1146,0,39441.2,1924.53
0.765,1.11475,0,39506.2,1929.84
0.766,1.1149,0,39571.2,1935.16
0.767,1.11505,0,39636.3,1940.49
0.768,1.1152,0,39701.4,1945.82
0.769,1.11535,0,39766.5,1951.17
0.77,1.1155,0,39831.6,1956.52
0.771,1.11565,0,39896.8,1961.88
0.772,1.1158,0,39962.1,1967.25
0.773,1.11595,0,40027.4,1972.62
0.774,1.1161,0,40092.7,1978.01
0.775,1.11625,0,40158,1983.4
0.776,1.1164,0,40223.4,1988.8
0.777,1.11655,0,40288.8,1994.21
0.778,1.1167,0,40354.3,1999.63
0.779,1.11685,0,40419.8,2005.05
0.78,1.117,0,40485.3,2010.48
0.781,1.11715,0,40550.9,2015.92
0.782,1.1173,0,40616.5,2021.37
0.783,1.11745,0,40682.2,2026.83
0.784,1.1176,0,40747.9,2032.3
0.785,1.11775,0,40813.6,2037.77
0.786,1.1179,0,40879.4,2043.25
0.787,1.11805,0,40945.2,2048.74
0.788,1.1182,0,41011,2054.24
0.789,1.11835,0,41076.9,2059.74
0.79,1.1185,0,41142.8,2065.26
0.791,1.11865,0,41208.8,2070.78
0.792,1.1188,0,41274.8,2076.31
0.793,1.11895,0,41340.8,2081.84
0.794,1.1191,0,41406.9,2087.39
0.795,1.11925,0,41473,2092.94
0.796,1.1194,0,41539.1,2098.51
0.797,1.11955,0,41605.3,2104.08
0.798,1.1197,0,41671.5,2109.66
0.799,1.11985,0,41737.8,2115.24
0.8,1.12,0,41804.1,2120.84
0.801,1.12015,0,41870.5,2126.44
0.802,1.1203,0,41936.8,2132.05
0.803,1.12045,0,42003.2,2137.67
0.804,1.1206,0,42069.7,2143.3
0.805,1.12075,0,42136.2,2148.93
0.806,1.1209,0,42202.7,2154.58
0.807,1.12105,0,42269.3,2160.23
0.808,1.1212,0,42335.9,2165.89
0.809,1.12135,0,42402.6,2171.56
0.81,1.1215,0,42469.2,2177.23
0.811,1.12165,0,42536,2182.92
0.812,1.1218,0,42602.7,2188.61
0.813,1.12195,0,42669.5,2194.31
0.814,1.1221,0,42736.4,2200.02
0.815,1.12225,0,42803.2,2205.73
0.816,1.1224,0,42870.1,2211.46
0.817,1.12255,0,42937.1,2217.19
0.818,1.1227,0,43004.1,2222.93
0.819,1.12285,0,43071.1,2228.68
0.82,1.123,0,43138.2,2234.44
0.821,1.12315,0,43205.3,2240.21
0.822,1.1233,0,43272.4,2245.98
0.823,1.12345,0,43339.6,2251.77
0.824,1.1236,0,43406.9,2257.56
0.825,1.12375,0,43474.1,2263.36
0.826,1.1239,0,43541.4,2269.16
0.827,1.12405,0,43608.7,2274.98
0.828,1.1242,0,43676.1,2280.8
0.829,1.12435,0,43743.5,2286.63
0.83,1.1245,0,43811,2292.47
0.831,1.12465,0,43878.5,2298.32
0.832,1.1248,0,43946,2304.18
0.833,1.12495,0,44013.6,2310.04
0.834,1.1251,0,44081.2,2315.91
0.835,1.12525,0,44148.8,2321.8
0.836,1.1254,0,44216.5,2327.69
0.837,1.12555,0,44284.3,2333.58
0.838,1.1257,0,44352,2339.49
0.839,1.12585,0,44419.8,2345.4
0.84,1.126,0,44487.7,2351.32
0.841,1.12615,0,44555.5,2357.26
0.842,1.1263,0,44623.5,2363.19
0.843,1.12645,0,44691.4,2369.14
0.844,1.1266,0,44759.4,2375.1
0.845,1.12675,0,44827.4,2381.06
0.846,1.1269,0,44895.5,2387.03
0.847,1.12705,0,44963.6,2393.01
0.848,1.1272,0,45031.8,2399
0.849,1.12735,0,45100,2405
0.85,1.1275,0,45168.2,2411
0.851,1.12765,0,45236.5,2417.02
0.852,1.1278,0,45304.8,2423.04
0.853,1.12795,0,45373.1,2429.07
0.854,1.1281,0,45441.5,2435.1
0.855,1.12825,0,45509.9,2441.15
0.856,1.1284,0,45578.4,2447.21
0.857,1.12855,0,45646.9,2453.27
0.858,1.1287,0,45715.4,2459.34
0.859,1.12885,0,45784,2465.42
0.86,1.129,0,45852.6,2471.51
0.861,1.12915,0,45921.3,2477.6
0.862,1.1293,0,45990,2483.71
0.863,1.12945,0,46058.7,2489.82
0.864,1.1296,0,46127.5,2495.94
0.865,1.12975,0,46196.3,2502.07
0.866,1.1299,0,46265.1,2508.21
0.867,1.13005,0,46334,2514.36
0.868,1.1302,0,46402.9,2520.51
0.869,1.13035,0,46471.9,2526.67
0.87,1.1305,0,46540.9,2532.84
0.871,1.13065,0,46610,2539.02
0.872,1.1308,0,46679,2545.21
0.873,1.13095,0,46748.2,2551.41
0.874,1.1311,0,46817.3,2557.61
0.875,1.13125,0,46886.5,2563.82
0.876,1.1314,0,46955.8,2570.05
0.877,1.13155,0,47025.1,2576.27
0.878,1.1317,0,47094.4,2582.51
0.879,1.13185,0,47163.7,2588.76
0.88,1.132,0,47233.1,2595.01
0.881,1.13215,0,47302.6,2601.28
0.882,1.1323,0,47372,2607.55
0.883,1.13245,0,47441.6,2613.83
0.884,1.1326,0,47511.1,2620.12
0.885,1.13275,0,47580.7,2626.41
0.886,1.1329,0,47650.3,2632.72
0.887,1.13305,0,47720,2639.03
0.888,1.1332,0,47789.7,2645.35
0.889,1.13335,0,47859.5,2651.68
0.89,1.1335,0,47929.3,2658.02
0.891,1.13365,0,47999.1,2664.37
0.892,1.1338,0,48069,2670.72
0.893,1.13395,0,48138.9,2677.09
0.894,1.1341,0,48208.8,2683.46
0.895,1.13425,0,48278.8,2689.84
0.896,1.1344,0,48348.8,2696.23
0.897,1.13455,0,48418.9,2702.63
0.898,1.1347,0,48489,2709.03
0.899,1.13485,0,48559.1,2715.44
0.9,1.135,0,48629.3,2721.87
0.901,1.13515,0,48699.5,2728.3
0.902,1.1353,0,48769.8,2734.74
0.903,1.13545,0,48840.1,2741.19
0.904,1.1356,0,48910.5,2747.64
0.905,1.13575,0,48980.8,2754.11
0.906,1.1359,0,49051.3,2760.58
0.907,1.13605,0,49121.7,2767.06
0.908,1.1362,0,49192.2,2773.55
0.909,1.13635,0,49262.8,2780.05
0.91,1.1365,0,49333.3,2786.56
0.911,1.13665,0,49403.9,2793.07
0.912,1.1368,0,49474.6,2799.6
0.913,1.13695,0,49545.3,2806.13
0.914,1.1371,0,49616,2812.67
0.915,1.13725,0,49686.8,2819.22
0.916,1.1374,0,49757.6,2825.78
0.917,1.13755,0,49828.5,2832.34
0.918,1.1377,0,49899.4,2838.92
0.919,1.13785,0,49970.3,2845.5
0.92,1.138,0,50041.3,2852.09
0.921,1.13815,0,50112.3,2858.69
0.922,1.1383,0,50183.4,2865.3
0.923,1.13845,0,50254.4,2871.92
0.924,1.1386,0,50325.6,2878.54
0.925,1.13875,0,50396.8,2885.18
0.926,1.1389,0,50468,2891.82
0.927,1.13905,0,50539.2,2898.47
0.928,1.1392,0,50610.5,2905.13
0.929,1.13935,0,50681.8,2911.8
0.93,1.1395,0,50753.2,2918.48
0.931,1.13965,0,50824.6,2925.16
0.932,1.1398,0,50896.1,2931.86
0.933,1.13995,0,50967.6,2938.56
0.934,1.1401,0,51039.1,2945.27
0.935,1.14025,0,51110.7,2951.99
0.936,1.1404,0,51182.3,2958.72
0.937,1.14055,0,51253.9,2965.45
0.938,1.1407,0,51325.6,2972.2
0.939,1.14085,0,51397.3,2978.95
0.94,1.141,0,51469.1,2985.71
0.941,1.14115,0,51540.9,2992.48
0.942,1.1413,0,51612.8,2999.26
0.943,1.14145,0,51684.7,3006.05
0.944,1.1416,0,51756.6,3012.85
0.945,1.14175,0,51828.6,3019.65
0.946,1.1419,0,51900.6,3026.47
0.947,1.14205,0,51972.6,3033.29
0.948,1.1422,0,52044.7,3040.12
0.949,1.14235,0,52116.8,3046.96
0.95,1.1425,0,52189,3053.8
0.951,1.14265,0,52261.2,3060.66
0.952,1.1428,0,52333.5,3067.53
0.953,1.14295,0,52405.8,3074.4
0.954,1.1431,0,52478.1,3081.28
0.955,1.14325,0,52550.5,3088.17
0.956,1.1434,0,52622.9,3095.07
0.957,1.14355,0,52695.3,3101.98
0.958,1.1437,0,52767.8,3108.89
0.959,1.14385,0,52840.3,3115.82
0.96,1.144,0,52912.9,3122.75
0.961,1.14415,0,52985.5,3129.7
0.962,1.1443,0,53058.2,3136.65
0.963,1.14445,0,53130.9,3143.61
0.964,1.1446,0,53203.6,3150.57
0.965,1.14475,0,53276.4,3157.55
0.966,1.1449,0,53349.2,3164.54
0.967,1.14505,0,53422,3171.53
0.968,1.1452,0,53494.9,3178.53
0.969,1.14535,0,53567.8,3185.54
0.97,1.1455,0,53640.8,3192.56
0.971,1.14565,0,53713.8,3199.59
0.972,1.1458,0,53786.9,3206.63
0.973,1.14595,0,53860,3213.67
0.974,1.1461,0,53933.1,3220.73
0.975,1.14625,0,54006.3,3227.79
0.976,1.1464,0,54079.5,3234.86
0.977,1.14655,0,54152.7,3241.94
0.978,1.1467,0,54226,3249.03
0.979,1.14685,0,54299.4,3256.13
0.98,1.147,0,54372.8,3263.24
0.981,1.14715,0,54446.2,3270.35
0.982,1.1473,0,54519.6,3277.48
0.983,1.14745,0,54593.1,3284.61
0.984,1.1476,0,54666.7,3291.75
0.985,1.14775,0,54740.2,3298.9
0.986,1.1479,0,54813.9,3306.06
0.987,1.14805,0,54887.5,3313.22
0.988,1.1482,0,54961.2,3320.4
0.989,1.14835,0,55034.9,3327.58
0.99,1.1485,0,55108.7,3334.78
0.991,1.14865,0,55182.5,3341.98
0.992,1.1488,0,55256.4,3349.19
0.993,1.14895,0,55330.3,3356.41
0.994,1.1491,0,55404.3,3363.64
0.995,1.14925,0,55478.2,3370.87
0.996,1.1494,0,55552.3,3378.12
0.997,1.14955,0,55626.3,3385.37
0.998,1.1497,0,55700.4,3392.64
0.999,1.14985,0,55774.6,3399.91
1,1.15,0,55848.8,3407.19
1.001,1.14985,0.001,55851.2,3427.6
1.002,1.1497,0.002,55853.9,3447.98
1.003,1.14955,0.003,55857,3468.33
1.004,1.1494,0.004,55860.3,3488.64
1.005,1.14925,0.005,55864,3508.91
1.006,1.1491,0.006,55867.9,3529.14
1.007,1.14895,0.007,55872.2,3549.34
1.008,1.1488,0.008,55876.7,3569.5
1.009,1.14865,0.009,55881.6,3589.63
1.01,1.1485,0.01,55886.7,3609.72
1.011,1.14835,0.011,55892.2,3629.77
1.012,1.1482,0.012,55898,3649.79
1.013,1.14805,0.013,55904,3669.77
1.014,1.1479,0.014,55910.4,3689.71
1.015,1.14775,0.015,55917,3709.62
1.016,1.1476,0.016,55924,3729.49
1.017,1.14745,0.017,55931.3,3749.32
1.018,1.1473,0.018,55938.8,3769.12
1.019,1.14715,0.019,55946.6,3788.88
1.02,1.147,0.02,55954.8,3808.61
1.021,1.14685,0.021,55963.2,3828.29
1.022,1.1467,0.022,55971.9,3847.95
1.023,1.14655,0.023,55980.9,3867.56
1.024,1.1464,0.024,55990.2,3887.14
1.025,1.14625,0.025,55999.8,3906.68
1.026,1.1461,0.026,56009.7,3926.18
1.027,1.14595,0.027,56019.9,3945.65
1.028,1.1458,0.028,56030.4,3965.08
1.029,1.14565,0.029,56041.1,3984.48
1.03,1.1455,0.03,56052.2,4003.83
1.031,1.14535,0.031,56063.5,4023.16
1.032,1.1452,0.032,56075.1,4042.44
1.033,1.14505,0.033,56087,4061.69
1.034,1.1449,0.034,56099.2,4080.9
1.035,1.14475,0.035,56111.7,4100.07
1.036,1.1446,0.036,56124.4,4119.21
1.037,1.14445,0.037,56137.5,4138.31
1.038,1.1443,0.038,56150.8,4157.37
1.039,1.14415,0.039,56164.4,4176.4
1.04,1.144,0.04,56178.3,4195.39
1.041,1.14385,0.041,56192.4,4214.34
1.042,1.1437,0.042,56206.9,4233.25
1.043,1.14355,0.043,56221.6,4252.13
1.044,1.1434,0.044,56236.6,4270.97
1.045,1.14325,0.045,56251.8,4289.78
1.046,1.1431,0.046,56267.4,4308.55
1.047,1.14295,0.047,56283.2,4327.28
1.048,1.1428,0.048,56299.3,4345.97
1.049,1.14265,0.049,56315.7,4364.63
1.05,1.1425,0.05,56332.3,4383.25
1.051,1.14235,0.051,56349.3,4401.83
1.052,1.1422,0.052,56366.5,4420.37
1.053,1.14205,0.053,56383.9,4438.88
1.054,1.1419,0.054,56401.7,4457.35
1.055,1.14175,0.055,56419.7,4475.79
1.056,1.1416,0.056,56438,4494.18
1.057,1.14145,0.057,56456.5,4512.54
1.058,1.1413,0.058,56475.3,4530.86
1.059,1.14115,0.059,56494.4,4549.15
1.06,1.141,0.06,56513.8,4567.4
1.061,1.14085,0.061,56533.4,4585.61
1.062,1.1407,0.062,56553.3,4603.78
1.063,1.14055,0.063,56573.5,4621.92
1.064,1.1404,0.064,56593.9,4640.02
1.065,1.14025,0.065,56614.6,4658.08
1.066,1.1401,0.066,56635.5,4676.1
1.067,1.13995,0.067,56656.7,4694.09
1.068,1.1398,0.068,56678.2,4712.04
1.069,1.13965,0.069,56699.9,4729.95
1.07,1.1395,0.07,56721.9,4747.83
1.071,1.13935,0.071,56744.1,4765.67
1.072,1.1392,0.072,56766.7,4783.47
1.073,1.13905,0.073,56789.4,4801.23
1.074,1.1389,0.074,56812.5,4818.96
1.075,1.13875,0.075,56835.7,4836.64
1.076,1.1386,0.076,56859.3,4854.3
1.077,1.13845,0.077,56883.1,4871.91
1.078,1.1383,0.078,56907.1,4889.49
1.079,1.13815,0.079,56931.4,4907.02
1.08,1.138,0.08,56956,4924.53
1.081,1.13785,0.081,56980.8,4941.99
1.082,1.1377,0.082,57005.9,4959.42
1.083,1.13755,0.083,57031.2,4976.8
1.084,1.1374,0.084,57056.8,4994.16
1.085,1.13725,0.085,57082.6,5011.47
1.086,1.1371,0.086,57108.7,5028.75
1.087,1.13695,0.087,57135,5045.99
1.088,1.1368,0.088,57161.5,5063.19
1.089,1.13665,0.089,57188.4,5080.35
1.09,1.1365,0.09,57215.4,5097.48
1.091,1.13635,0.091,57242.7,5114.56
1.092,1.1362,0.092,57270.3,5131.62
1.093,1.13605,0.093,57298.1,5148.63
1.094,1.1359,0.094,57326.1,5165.6
1.095,1.13575,0.095,57354.4,5182.54
1.096,1.1356,0.096,57382.9,5199.44
1.097,1.13545,0.097,57411.7,5216.31
1.098,1.1353,0.098,57440.7,5233.13
1.099,1.13515,0.099,57470,5249.92
1.1,1.135,0.1,57499.5,5266.67
1.101,1.13485,0.101,57529.2,5283.38
1.102,1.1347,0.102,57559.2,5300.06
1.103,1.13455,0.103,57589.4,5316.69
1.104,1.1344,0.104,57619.9,5333.29
1.105,1.13425,0.105,57650.5,5349.85
1.106,1.1341,0.106,57681.5,5366.38
1.107,1.13395,0.107,57712.6,5382.86
1.108,1.1338,0.108,57744,5399.31
1.109,1.13365,0.109,57775.7,5415.72
1.11,1.1335,0.11,57807.5,5432.09
1.111,1.13335,0.111,57839.6,5448.43
1.112,1.1332,0.112,57871.9,5464.72
1.113,1.13305,0.113,57904.5,5480.98
1.114,1.1329,0.114,57937.3,5497.2
1.115,1.13275,0.115,57970.3,5513.39
1.116,1.1326,0.116,58003.6,5529.53
1.117,1.13245,0.117,58037,5545.64
1.118,1.1323,0.118,58070.7,5561.71
1.119,1.13215,0.119,58104.7,5577.74
1.12,1.132,0.12,58138.8,5593.74
1.121,1.13185,0.121,58173.2,5609.69
1.122,1.1317,0.122,58207.8,5625.61
1.123,1.13155,0.123,58242.7,5641.49
1.124,1.1314,0.124,58277.7,5657.33
1.125,1.13125,0.125,58313,5673.14
1.126,1.1311,0.126,58348.5,5688.91
1.127,1.13095,0.127,58384.3,5704.63
1.128,1.1308,0.128,58420.2,5720.33
1.129,1.13065,0.129,58456.4,5735.98
1.13,1.1305,0.13,58492.8,5751.59
1.131,1.13035,0.131,58529.4,5767.17
1.132,1.1302,0.132,58566.2,5782.71
1.133,1.13005,0.133,58603.3,5798.21
1.134,1.1299,0.134,58640.6,5813.67
1.135,1.12975,0.135,58678,5829.1
1.136,1.1296,0.136,58715.8,5844.49
1.137,1.12945,0.137,58753.7,5859.83
1.138,1.1293,0.138,58791.8,5875.15
1.139,1.12915,0.139,58830.1,5890.42
1.14,1.129,0.14,58868.7,5905.65
1.141,1.12885,0.141,58907.5,5920.85
1.142,1.1287,0.142,58946.5,5936.01
1.143,1.12855,0.143,58985.7,5951.13
1.144,1.1284,0.144,59025.1,5966.21
1.145,1.12825,0.145,59064.7,5981.26
1.146,1.1281,0.146,59104.5,5996.26
1.147,1.12795,0.147,59144.5,6011.23
1.148,1.1278,0.148,59184.8,6026.16
1.149,1.12765,0.149,59225.2,6041.05
1.15,1.1275,0.15,59265.9,6055.91
1.151,1.12735,0.151,59306.7,6070.72
1.152,1.1272,0.152,59347.8,6085.5
1.153,1.12705,0.153,59389.1,6100.24
1.154,1.1269,0.154,59430.6,6114.94
1.155,1.12675,0.155,59472.2,6129.61
1.156,1.1266,0.156,59514.1,6144.23
1.157,1.12645,0.157,59556.2,6158.82
1.158,1.1263,0.158,59598.5,6173.37
1.159,1.12615,0.159,59641,6187.88
1.16,1.126,0.16,59683.7,6202.35
1.161,1.12585,0.161,59726.5,6216.79
1.162,1.1257,0.162,59769.6,6231.18
1.163,1.12555,0.163,59812.9,6245.54
1.164,1.1254,0.164,59856.4,6259.86
1.165,1.12525,0.165,59900.1,6274.14
1.166,1.1251,0.166,59943.9,6288.39
1.167,1.12495,0.167,59988,6302.59
1.168,1.1248,0.168,60032.3,6316.76
1.169,1.12465,0.169,60076.7,6330.89
1.17,1.1245,0.17,60121.4,6344.98
1.171,1.12435,0.171,60166.2,6359.03
1.172,1.1242,0.172,60211.2,6373.05
1.173,1.12405,0.173,60256.5,6387.02
1.174,1.1239,0.174,60301.9,6400.96
1.175,1.12375,0.175,60347.5,6414.86
1.176,1.1236,0.176,60393.3,6428.72
1.177,1.12345,0.177,60439.3,6442.55
1.178,1.1233,0.178,60485.4,6456.33
1.179,1.12315,0.179,60531.8,6470.08
1.18,1.123,0.18,60578.3,6483.79
1.181,1.12285,0.181,60625.1,6497.46
1.182,1.1227,0.182,60672,6511.09
1.183,1.12255,0.183,60719.1,6524.68
1.184,1.1224,0.184,60766.4,6538.24
1.185,1.12225,0.185,60813.8,6551.75
1.186,1.1221,0.186,60861.5,6565.23
1.187,1.12195,0.187,60909.3,6578.67
1.188,1.1218,0.188,60957.3,6592.08
1.189,1.12165,0.189,61005.5,6605.44
1.19,1.1215,0.19,61053.9,6618.77
1.191,1.12135,0.191,61102.4,6632.05
1.192,1.1212,0.192,61151.2,6645.3
1.193,1.12105,0.193,61200.1,6658.51
1.194,1.1209,0.194,61249.2,6671.69
1.195,1.12075,0.195,61298.4,6684.82
1.196,1.1206,0.196,61347.9,6697.92
1.197,1.12045,0.197,61397.5,6710.97
1.198,1.1203,0.198,61447.3,6723.99
1.199,1.12015,0.199,61497.2,6736.97
1.2,1.12,0.2,61547.4,6749.91
1.201,1.11985,0.201,61597.7,6762.82
1.202,1.1197,0.202,61648.1,6775.68
1.203,1.11955,0.203,61698.8,6788.51
1.204,1.1194,0.204,61749.6,6801.3
1.205,1.11925,0.205,61800.6,6814.05
1.206,1.1191,0.206,61851.8,6826.76
1.207,1.11895,0.207,61903.1,6839.44
1.208,1.1188,0.208,61954.6,6852.07
1.209,1.11865,0.209,62006.2,6864.67
1.21,1.1185,0.21,62058.1,6877.23
1.211,1.11835,0.211,62110.1,6889.75
1.212,1.1182,0.212,62162.2,6902.23
1.213,1.11805,0.213,62214.6,6914.68
1.214,1.1179,0.214,62267,6927.08
1.215,1.11775,0.215,62319.7,6939.45
1.216,1.1176,0.216,62372.5,6951.78
1.217,1.11745,0.217,62425.5,6964.07
1.218,1.1173,0.218,62478.6,6976.32
1.219,1.11715,0.219,62531.9,6988.54
1.22,1.117,0.22,62585.4,7000.71
1.221,1.11685,0.221,62639,7012.85
1.222,1.1167,0.222,62692.7,7024.95
1.223,1.11655,0.223,62746.7,7037.01
1.224,1.1164,0.224,62800.8,7049.03
1.225,1.11625,0.225,62855,7061.01
1.226,1.1161,0.226,62909.4,7072.96
1.227,1.11595,0.227,62964,7084.87
1.228,1.1158,0.228,63018.7,7096.74
1.229,1.11565,0.229,63073.5,7108.57
1.23,1.1155,0.23,63128.5,7120.36
1.231,1.11535,0.231,63183.7,7132.11
1.232,1.1152,0.232,63239,7143.83
1.233,1.11505,0.233,63294.5,7155.5
1.234,1.1149,0.234,63350.1,7167.14
1.235,1.11475,0.235,63405.9,7178.74
1.236,1.1146,0.236,63461.8,7190.3
1.237,1.11445,0.237,63517.9,7201.83
1.238,1.1143,0.238,63574.1,7213.31
1.239,1.11415,0.239,63630.5,7224.76
1.24,1.114,0.24,63687,7236.17
1.241,1.11385,0.241,63743.6,7247.54
1.242,1.1137,0.242,63800.4,7258.87
1.243,1.11355,0.243,63857.4,7270.16
1.244,1.1134,0.244,63914.5,7281.42
1.245,1.11325,0.245,63971.7,7292.63
1.246,1.1131,0.246,64029.1,7303.81
1.247,1.11295,0.247,64086.6,7314.95
1.248,1.1128,0.248,64144.2,7326.05
1.249,1.11265,0.249,64202,7337.12
1.25,1.1125,0.25,64260,7348.14
1.251,1.11235,0.251,64318,7359.13
1.252,1.1122,0.252,64376.2,7370.07
1.253,1.11205,0.253,64434.6,7380.98
1.254,1.1119,0.254,64493.1,7391.86
1.255,1.11175,0.255,64551.7,7402.69
1.256,1.1116,0.256,64610.5,7413.48
1.257,1.11145,0.257,64669.4,7424.24
1.258,1.1113,0.258,64728.4,7434.96
1.259,1.11115,0.259,64787.5,7445.64
1.26,1.111,0.26,64846.8,7456.28
1.261,1.11085,0.261,64906.3,7466.88
1.262,1.1107,0.262,64965.8,7477.45
1.263,1.11055,0.263,65025.5,7487.97
1.264,1.1104,0.264,65085.3,7498.46
1.265,1.11025,0.265,65145.3,7508.91
1.266,1.1101,0.266,65205.4,7519.32
1.267,1.10995,0.267,65265.6,7529.7
1.268,1.1098,0.268,65325.9,7540.03
1.269,1.10965,0.269,65386.4,7550.33
1.27,1.1095,0.27,65447,7560.59
1.271,1.10935,0.271,65507.7,7570.81
1.272,1.1092,0.272,65568.5,7580.99
1.273,1.10905,0.273,65629.5,7591.13
1.274,1.1089,0.274,65690.6,7601.24
1.275,1.10875,0.275,65751.8,7611.3
1.276,1.1086,0.276,65813.1,7621.33
1.277,1.10845,0.277,65874.6,7631.32
1.278,1.1083,0.278,65936.1,7641.27
1.279,1.10815,0.279,65997.8,7651.19
1.28,1.108,0.28,66059.6,7661.06
1.281,1.10785,0.281,66121.6,7670.9
1.282,1.1077,0.282,66183.6,7680.7
1.283,1.10755,0.283,66245.8,7690.46
1.284,1.1074,0.284,66308.1,7700.18
1.285,1.10725,0.285,66370.5,7709.87
1.286,1.1071,0.286,66433,7719.51
1.287,1.10695,0.287,66495.7,7729.12
1.288,1.1068,0.288,66558.4,7738.69
1.289,1.10665,0.289,66621.3,7748.22
1.29,1.1065,0.29,66684.2,7757.71
1.291,1.10635,0.291,66747.3,7767.17
1.292,1.1062,0.292,66810.5,7776.59
1.293,1.10605,0.293,66873.8,7785.96
1.294,1.1059,0.294,66937.3,7795.31
1.295,1.10575,0.295,67000.8,7804.61
1.296,1.1056,0.296,67064.4,7813.87
1.297,1.10545,0.297,67128.2,7823.1
1.298,1.1053,0.298,67192,7832.28
1.299,1.10515,0.299,67256,7841.43
1.3,1.105,0.3,67320.1,7850.55
1.301,1.10485,0.301,67384.2,7859.62
1.302,1.1047,0.302,67448.5,7868.65
1.303,1.10455,0.303,67512.9,7877.65
1.304,1.1044,0.304,67577.4,7886.61
1.305,1.10425,0.305,67642,7895.53
1.306,1.1041,0.306,67706.7,7904.41
1.307,1.10395,0.307,67771.5,7913.26
1.308,1.1038,0.308,67836.4,7922.06
1.309,1.10365,0.309,67901.4,7930.83
1.31,1.1035,0.31,67966.5,7939.56
1.311,1.10335,0.311,68031.7,7948.25
1.312,1.1032,0.312,68097,7956.91
1.313,1.10305,0.313,68162.4,7965.52
1.314,1.1029,0.314,68227.8,7974.1
1.315,1.10275,0.315,68293.4,7982.64
1.316,1.1026,0.316,68359.1,7991.14
1.317,1.10245,0.317,68424.9,7999.61
1.318,1.1023,0.318,68490.8,8008.03
1.319,1.10215,0.319,68556.7,8016.42
1.32,1.102,0.32,68622.8,8024.77
1.321,1.10185,0.321,68688.9,8033.08
1.322,1.1017,0.322,68755.2,8041.35
1.323,1.10155,0.323,68821.5,8049.59
1.324,1.1014,0.324,68887.9,8057.79
1.325,1.10125,0.325,68954.5,8065.94
1.326,1.1011,0.326,69021.1,8074.07
1.327,1.10095,0.327,69087.8,8082.15
1.328,1.1008,0.328,69154.5,8090.2
1.329,1.10065,0.329,69221.4,8098.2
1.33,1.1005,0.33,69288.4,8106.17
1.331,1.10035,0.331,69355.4,8114.1
1.332,1.1002,0.332,69422.5,8122
1.333,1.10005,0.333,69489.7,8129.85
1.334,1.0999,0.334,69557,8137.67
1.335,1.09975,0.335,69624.4,8145.45
1.336,1.0996,0.336,69691.9,8153.19
1.337,1.09945,0.337,69759.4,8160.9
1.338,1.0993,0.338,69827,8168.56
1.339,1.09915,0.339,69894.7,8176.19
1.34,1.099,0.34,69962.5,8183.78
1.341,1.09885,0.341,70030.4,8191.34
1.342,1.0987,0.342,70098.3,8198.85
1.343,1.09855,0.343,70166.4,8206.33
1.344,1.0984,0.344,70234.5,8213.77
1.345,1.09825,0.345,70302.6,8221.17
1.346,1.0981,0.346,70370.9,8228.53
1.347,1.09795,0.347,70439.2,8235.86
1.348,1.0978,0.348,70507.6,8243.15
1.349,1.09765,0.349,70576.1,8250.4
1.35,1.0975,0.35,70644.6,8257.61
1.351,1.09735,0.351,70713.2,8264.78
1.352,1.0972,0.352,70781.9,8271.92
1.353,1.09705,0.353,70850.7,8279.02
1.354,1.0969,0.354,70919.5,8286.08
1.355,1.09675,0.355,70988.5,8293.1
1.356,1.0966,0.356,71057.4,8300.09
1.357,1.09645,0.357,71126.5,8307.04
1.358,1.0963,0.358,71195.6,8313.95
1.359,1.09615,0.359,71264.8,8320.82
1.36,1.096,0.36,71334,8327.66
1.361,1.09585,0.361,71403.3,8334.45
1.362,1.0957,0.362,71472.7,8341.21
1.363,1.09555,0.363,71542.1,8347.94
1.364,1.0954,0.364,71611.7,8354.62
1.365,1.09525,0.365,71681.2,8361.27
1.366,1.0951,0.366,71750.9,8367.88
1.367,1.09495,0.367,71820.6,8374.45
1.368,1.0948,0.368,71890.3,8380.99
1.369,1.09465,0.369,71960.1,8387.48
1.37,1.0945,0.37,72030,8393.94
1.371,1.09435,0.371,72100,8400.36
1.372,1.0942,0.372,72170,8406.75
1.373,1.09405,0.373,72240,8413.09
1.374,1.0939,0.374,72310.1,8419.4
1.375,1.09375,0.375,72380.3,8425.67
1.376,1.0936,0.376,72450.5,8431.91
1.377,1.09345,0.377,72520.8,8438.11
1.378,1.0933,0.378,72591.2,8444.27
1.379,1.09315,0.379,72661.6,8450.39
1.38,1.093,0.38,72732,8456.47
1.381,1.09285,0.381,72802.5,8462.52
1.382,1.0927,0.382,72873.1,8468.53
1.383,1.09255,0.383,72943.7,8474.5
1.384,1.0924,0.384,73014.3,8480.44
1.385,1.09225,0.385,73085,8486.33
1.386,1.0921,0.386,73155.8,8492.19
1.387,1.09195,0.387,73226.6,8498.02
1.388,1.0918,0.388,73297.5,8503.8
1.389,1.09165,0.389,73368.4,8509.55
1.39,1.0915,0.39,73439.3,8515.26
1.391,1.09135,0.391,73510.3,8520.93
1.392,1.0912,0.392,73581.3,8526.57
1.393,1.09105,0.393,73652.4,8532.17
1.394,1.0909,0.394,73723.6,8537.73
1.395,1.09075,0.395,73794.7,8543.25
1.396,1.0906,0.396,73866,8548.74
1.397,1.09045,0.397,73937.2,8554.19
1.398,1.0903,0.398,74008.5,8559.61
1.399,1.09015,0.399,74079.9,8564.98
1.4,1.09,0.4,74151.3,8570.32
1.401,1.08985,0.401,74222.7,8575.62
1.402,1.0897,0.402,74294.2,8580.88
1.403,1.08955,0.403,74365.7,8586.11
1.404,1.0894,0.404,74437.2,8591.3
1.405,1.08925,0.405,74508.8,8596.45
1.406,1.0891,0.406,74580.4,8601.57
1.407,1.08895,0.407,74652.1,8606.65
1.408,1.0888,0.408,74723.8,8611.69
1.409,1.08865,0.409,74795.5,8616.7
1.41,1.0885,0.41,74867.3,8621.66
1.411,1.08835,0.411,74939.1,8626.59
1.412,1.0882,0.412,75010.9,8631.49
1.413,1.08805,0.413,75082.7,8636.34
1.414,1.0879,0.414,75154.6,8641.16
1.415,1.08775,0.415,75226.6,8645.95
1.416,1.0876,0.416,75298.5,8650.69
1.417,1.08745,0.417,75370.5,8655.4
1.418,1.0873,0.418,75442.5,8660.07
1.419,1.08715,0.419,75514.6,8664.71
1.42,1.087,0.42,75586.6,8669.31
1.421,1.08685,0.421,75658.7,8673.87
1.422,1.0867,0.422,75730.8,8678.39
1.423,1.08655,0.423,75803,8682.88
1.424,1.0864,0.424,75875.2,8687.33
1.425,1.08625,0.425,75947.4,8691.75
1.426,1.0861,0.426,76019.6,8696.12
1.427,1.08595,0.427,76091.8,8700.46
1.428,1.0858,0.428,76164.1,8704.77
1.429,1.08565,0.429,76236.4,8709.04
1.43,1.0855,0.43,76308.7,8713.27
1.431,1.08535,0.431,76381,8717.46
1.432,1.0852,0.432,76453.4,8721.62
1.433,1.08505,0.433,76525.8,8725.74
1.434,1.0849,0.434,76598.2,8729.82
1.435,1.08475,0.435,76670.6,8733.87
1.436,1.0846,0.436,76743,8737.88
1.437,1.08445,0.437,76815.5,8741.85
1.438,1.0843,0.438,76887.9,8745.79
1.439,1.08415,0.439,76960.4,8749.69
1.44,1.084,0.44,77032.9,8753.56
1.441,1.08385,0.441,77105.4,8757.38
1.442,1.0837,0.442,77177.9,8761.18
1.443,1.08355,0.443,77250.4,8764.93
1.444,1.0834,0.444,77323,8768.65
1.445,1.08325,0.445,77395.5,8772.33
1.446,1.0831,0.446,77468.1,8775.98
1.447,1.08295,0.447,77540.7,8779.59
1.448,1.0828,0.448,77613.3,8783.16
1.449,1.08265,0.449,77685.9,8786.69
1.45,1.0825,0.45,77758.5,8790.19
1.451,1.08235,0.451,77831.1,8793.66
1.452,1.0822,0.452,77903.7,8797.09
1.453,1.08205,0.453,77976.4,8800.48
1.454,1.0819,0.454,78049,8803.83
1.455,1.08175,0.455,78121.6,8807.15
1.456,1.0816,0.456,78194.3,8810.43
1.457,1.08145,0.457,78266.9,8813.68
1.458,1.0813,0.458,78339.6,8816.89
1.459,1.08115,0.459,78412.2,8820.06
1.46,1.081,0.46,78484.9,8823.2
1.461,1.08085,0.461,78557.6,8826.3
1.462,1.0807,0.462,78630.2,8829.37
1.463,1.08055,0.463,78702.9,8832.4
1.464,1.0804,0.464,78775.5,8835.39
1.465,1.08025,0.465,78848.2,8838.35
1.466,1.0801,0.466,78920.9,8841.27
1.467,1.07995,0.467,78993.5,8844.15
1.468,1.0798,0.468,79066.2,8847
1.469,1.07965,0.469,79138.8,8849.81
1.47,1.0795,0.47,79211.5,8852.59
1.471,1.07935,0.471,79284.1,8855.33
1.472,1.0792,0.472,79356.7,8858.04
1.473,1.07905,0.473,79429.4,8860.7
1.474,1.0789,0.474,79502,8863.34
1.475,1.07875,0.475,79574.6,8865.94
1.476,1.0786,0.476,79647.2,8868.5
1.477,1.07845,0.477,79719.8,8871.02
1.478,1.0783,0.478,79792.4,8873.51
1.479,1.07815,0.479,79865,8875.97
1.48,1.078,0.48,79937.5,8878.38
1.481,1.07785,0.481,80010.1,8880.77
1.482,1.0777,0.482,80082.7,8883.11
1.483,1.07755,0.483,80155.2,8885.43
1.484,1.0774,0.484,80227.7,8887.7
1.485,1.07725,0.485,80300.2,8889.94
1.486,1.0771,0.486,80372.7,8892.14
1.487,1.07695,0.487,80445.2,8894.31
1.488,1.0768,0.488,80517.6,8896.45
1.489,1.07665,0.489,80590.1,8898.54
1.49,1.0765,0.49,80662.5,8900.6
1.491,1.07635,0.491,80734.9,8902.63
1.492,1.0762,0.492,80807.3,8904.62
1.493,1.07605,0.493,80879.7,8906.58
1.494,1.0759,0.494,80952.1,8908.5
1.495,1.07575,0.495,81024.4,8910.38
1.496,1.0756,0.496,81096.7,8912.23
1.497,1.07545,0.497,81169,8914.04
1.498,1.0753,0.498,81241.3,8915.82
1.499,1.07515,0.499,81313.5,8917.56
1.5,1.075,0.5,81385.8,8919.27
1.501,1.07485,0.501,81458,8920.94
1.502,1.0747,0.502,81530.1,8922.58
1.503,1.07455,0.503,81602.3,8924.18
1.504,1.0744,0.504,81674.4,8925.75
1.505,1.07425,0.505,81746.5,8927.28
1.506,1.0741,0.506,81818.6,8928.78
1.507,1.07395,0.507,81890.6,8930.24
1.508,1.0738,0.508,81962.7,8931.66
1.509,1.07365,0.509,82034.6,8933.05
1.51,1.0735,0.51,82106.6,8934.41
1.511,1.07335,0.511,82178.5,8935.73
1.512,1.0732,0.512,82250.4,8937.01
1.513,1.07305,0.513,82322.3,8938.26
1.514,1.0729,0.514,82394.1,8939.48
1.515,1.07275,0.515,82465.9,8940.66
1.516,1.0726,0.516,82537.7,8941.8
1.517,1.07245,0.517,82609.5,8942.91
1.518,1.0723,0.518,82681.2,8943.99
1.519,1.07215,0.519,82752.8,8945.03
1.52,1.072,0.52,82824.5,8946.04
1.521,1.07185,0.521,82896.1,8947.01
1.522,1.0717,0.522,82967.6,8947.94
1.523,1.07155,0.523,83039.1,8948.84
1.524,1.0714,0.524,83110.6,8949.71
1.525,1.07125,0.525,83182.1,8950.54
1.526,1.0711,0.526,83253.5,8951.34
1.527,1.07095,0.527,83324.8,8952.1
1.528,1.0708,0.528,83396.2,8952.83
1.529,1.07065,0.529,83467.4,8953.52
1.53,1.0705,0.53,83538.7,8954.18
1.531,1.07035,0.531,83609.9,8954.8
1.532,1.0702,0.532,83681,8955.39
1.533,1.07005,0.533,83752.1,8955.95
1.534,1.0699,0.534,83823.2,8956.47
1.535,1.06975,0.535,83894.2,8956.95
1.536,1.0696,0.536,83965.2,8957.4
1.537,1.06945,0.537,84036.1,8957.82
1.538,1.0693,0.538,84107,8958.2
1.539,1.06915,0.539,84177.9,8958.55
1.54,1.069,0.54,84248.6,8958.86
1.541,1.06885,0.541,84319.4,8959.14
1.542,1.0687,0.542,84390.1,8959.39
1.543,1.06855,0.543,84460.7,8959.6
1.544,1.0684,0.544,84531.3,8959.78
1.545,1.06825,0.545,84601.8,8959.92
1.546,1.0681,0.546,84672.3,8960.03
1.547,1.06795,0.547,84742.8,8960.1
1.548,1.0678,0.548,84813.1,8960.14
1.549,1.06765,0.549,84883.5,8960.14
1.55,1.0675,0.55,84953.7,8960.12
1.551,1.06735,0.551,85023.9,8960.05
1.552,1.0672,0.552,85094.1,8959.96
1.553,1.06705,0.553,85164.2,8959.83
1.554,1.0669,0.554,85234.3,8959.66
1.555,1.06675,0.555,85304.2,8959.46
1.556,1.0666,0.556,85374.2,8959.23
1.557,1.06645,0.557,85444.1,8958.96
1.558,1.0663,0.558,85513.9,8958.66
1.559,1.06615,0.559,85583.6,8958.33
1.56,1.066,0.56,85653.3,8957.96
1.561,1.06585,0.561,85722.9,8957.56
1.562,1.0657,0.562,85792.5,8957.12
1.563,1.06555,0.563,85862,8956.65
1.564,1.0654,0.564,85931.5,8956.15
1.565,1.06525,0.565,86000.9,8955.61
1.566,1.0651,0.566,86070.2,8955.04
1.567,1.06495,0.567,86139.4,8954.44
1.568,1.0648,0.568,86208.6,8953.8
1.569,1.06465,0.569,86277.7,8953.13
1.57,1.0645,0.57,86346.8,8952.42
1.571,1.06435,0.571,86415.8,8951.68
1.572,1.0642,0.572,86484.7,8950.91
1.573,1.06405,0.573,86553.5,8950.11
1.574,1.0639,0.574,86622.3,8949.27
1.575,1.06375,0.575,86691,8948.4
1.576,1.0636,0.576,86759.7,8947.49
1.577,1.06345,0.577,86828.3,8946.55
1.578,1.0633,0.578,86896.8,8945.58
1.579,1.06315,0.579,86965.2,8944.57
1.58,1.063,0.58,87033.5,8943.53
1.581,1.06285,0.581,87101.8,8942.46
1.582,1.0627,0.582,87170,8941.36
1.583,1.06255,0.583,87238.2,8940.22
1.584,1.0624,0.584,87306.2,8939.05
1.585,1.06225,0.585,87374.2,8937.84
1.586,1.0621,0.586,87442.1,8936.6
1.587,1.06195,0.587,87509.9,8935.33
1.588,1.0618,0.588,87577.7,8934.03
1.589,1.06165,0.589,87645.3,8932.69
1.59,1.0615,0.59,87712.9,8931.32
1.591,1.06135,0.591,87780.4,8929.92
1.592,1.0612,0.592,87847.9,8928.48
1.593,1.06105,0.593,87915.2,8927.01
1.594,1.0609,0.594,87982.5,8925.51
1.595,1.06075,0.595,88049.7,8923.98
1.596,1.0606,0.596,88116.8,8922.41
1.597,1.06045,0.597,88183.8,8920.81
1.598,1.0603,0.598,88250.8,8919.18
1.599,1.06015,0.599,88317.6,8917.51
1.6,1.06,0.6,88384.4,8915.82
1.601,1.05985,0.601,88451.1,8914.09
1.602,1.0597,0.602,88517.7,8912.32
1.603,1.05955,0.603,88584.2,8910.53
1.604,1.0594,0.604,88650.6,8908.7
1.605,1.05925,0.605,88716.9,8906.84
1.606,1.0591,0.606,88783.2,8904.95
1.607,1.05895,0.607,88849.3,8903.02
1.608,1.0588,0.608,88915.4,8901.06
1.609,1.05865,0.609,88981.4,8899.07
1.61,1.0585,0.61,89047.3,8897.05
1.611,1.05835,0.611,89113.1,8894.99
1.612,1.0582,0.612,89178.8,8892.91
1.613,1.05805,0.613,89244.4,8890.79
1.614,1.0579,0.614,89309.9,8888.64
1.615,1.05775,0.615,89375.3,8886.45
1.616,1.0576,0.616,89440.7,8884.24
1.617,1.05745,0.617,89505.9,8881.99
1.618,1.0573,0.618,89571,8879.71
1.619,1.05715,0.619,89636.1,8877.39
1.62,1.057,0.62,89701,8875.05
1.621,1.05685,0.621,89765.9,8872.67
1.622,1.0567,0.622,89830.6,8870.27
1.623,1.05655,0.623,89895.2,8867.83
1.624,1.0564,0.624,89959.8,8865.35
1.625,1.05625,0.625,90024.2,8862.85
1.626,1.0561,0.626,90088.6,8860.31
1.627,1.05595,0.627,90152.8,8857.75
1.628,1.0558,0.628,90217,8855.15
1.629,1.05565,0.629,90281,8852.52
1.63,1.0555,0.63,90345,8849.85
1.631,1.05535,0.631,90408.8,8847.16
1.632,1.0552,0.632,90472.5,8844.43
1.633,1.05505,0.633,90536.2,8841.67
1.634,1.0549,0.634,90599.7,8838.89
1.635,1.05475,0.635,90663.1,8836.06
1.636,1.0546,0.636,90726.4,8833.21
1.637,1.05445,0.637,90789.6,8830.33
1.638,1.0543,0.638,90852.7,8827.41
1.639,1.05415,0.639,90915.7,8824.47
1.64,1.054,0.64,90978.6,8821.49
1.641,1.05385,0.641,91041.3,8818.48
1.642,1.0537,0.642,91104,8815.44
1.643,1.05355,0.643,91166.5,8812.37
1.644,1.0534,0.644,91229,8809.27
1.645,1.05325,0.645,91291.3,8806.13
1.646,1.0531,0.646,91353.5,8802.97
1.647,1.05295,0.647,91415.6,8799.77
1.648,1.0528,0.648,91477.6,8796.54
1.649,1.05265,0.649,91539.4,8793.28
1.65,1.0525,0.65,91601.2,8789.99
1.651,1.05235,0.651,91662.8,8786.67
1.652,1.0522,0.652,91724.4,8783.32
1.653,1.05205,0.653,91785.8,8779.94
1.654,1.0519,0.654,91847,8776.53
1.655,1.05175,0.655,91908.2,8773.08
1.656,1.0516,0.656,91969.3,8769.61
1.657,1.05145,0.657,92030.2,8766.1
1.658,1.0513,0.658,92091,8762.57
1.659,1.05115,0.659,92151.7,8759
1.66,1.051,0.66,92212.3,8755.4
1.661,1.05085,0.661,92272.7,8751.77
1.662,1.0507,0.662,92333.1,8748.12
1.663,1.05055,0.663,92393.3,8744.43
1.664,1.0504,0.664,92453.3,8740.71
1.665,1.05025,0.665,92513.3,8736.96
1.666,1.0501,0.666,92573.1,8733.18
1.667,1.04995,0.667,92632.8,8729.37
1.668,1.0498,0.668,92692.4,8725.52
1.669,1.04965,0.669,92751.9,8721.65
1.67,1.0495,0.67,92811.2,8717.75
1.671,1.04935,0.671,92870.4,8713.82
1.672,1.0492,0.672,92929.5,8709.86
1.673,1.04905,0.673,92988.4,8705.86
1.674,1.0489,0.674,93047.2,8701.84
1.675,1.04875,0.675,93105.9,8697.79
1.676,1.0486,0.676,93164.5,8693.7
1.677,1.04845,0.677,93222.9,8689.59
1.678,1.0483,0.678,93281.2,8685.45
1.679,1.04815,0.679,93339.4,8681.28
1.68,1.048,0.68,93397.4,8677.07
1.681,1.04785,0.681,93455.3,8672.84
1.682,1.0477,0.682,93513.1,8668.58
1.683,1.04755,0.683,93570.7,8664.29
1.684,1.0474,0.684,93628.2,8659.96
1.685,1.04725,0.685,93685.5,8655.61
1.686,1.0471,0.686,93742.8,8651.23
1.687,1.04695,0.687,93799.9,8646.82
1.688,1.0468,0.688,93856.8,8642.38
1.689,1.04665,0.689,93913.6,8637.91
1.69,1.0465,0.69,93970.3,8633.41
1.691,1.04635,0.691,94026.8,8628.88
1.692,1.0462,0.692,94083.2,8624.32
1.693,1.04605,0.693,94139.5,8619.73
1.694,1.0459,0.694,94195.6,8615.11
1.695,1.04575,0.695,94251.5,8610.47
1.696,1.0456,0.696,94307.4,8605.79
1.697,1.04545,0.697,94363.1,8601.09
1.698,1.0453,0.698,94418.6,8596.35
1.699,1.04515,0.699,94474,8591.59
1.7,1.045,0.7,94529.3,8586.8
1.701,1.04485,0.701,94584.4,8581.97
1.702,1.0447,0.702,94639.3,8577.12
1.703,1.04455,0.703,94694.2,8572.24
1.704,1.0444,0.704,94748.8,8567.33
1.705,1.04425,0.705,94803.4,8562.39
1.706,1.0441,0.706,94857.7,8557.43
1.707,1.04395,0.707,94912,8552.43
1.708,1.0438,0.708,94966,8547.41
1.709,1.04365,0.709,95020,8542.35
1.71,1.0435,0.71,95073.8,8537.27
1.711,1.04335,0.711,95127.4,8532.16
1.712,1.0432,0.712,95180.9,8527.02
1.713,1.04305,0.713,95234.2,8521.85
1.714,1.0429,0.714,95287.4,8516.66
1.715,1.04275,0.715,95340.4,8511.43
1.716,1.0426,0.716,95393.3,8506.18
1.717,1.04245,0.717,95446,8500.9
1.718,1.0423,0.718,95498.5,8495.59
1.719,1.04215,0.719,95550.9,8490.25
1.72,1.042,0.72,95603.2,8484.88
1.721,1.04185,0.721,95655.3,8479.48
1.722,1.0417,0.722,95707.2,8474.06
1.723,1.04155,0.723,95759,8468.61
1.724,1.0414,0.724,95810.6,8463.13
1.725,1.04125,0.725,95862.1,8457.62
1.726,1.0411,0.726,95913.4,8452.08
1.727,1.04095,0.727,95964.5,8446.52
1.728,1.0408,0.728,96015.5,8440.93
1.729,1.04065,0.729,96066.3,8435.31
1.73,1.0405,0.73,96117,8429.66
1.731,1.04035,0.731,96167.5,8423.98
1.732,1.0402,0.732,96217.8,8418.28
1.733,1.04005,0.733,96268,8412.54
1.734,1.0399,0.734,96318,8406.79
1.735,1.03975,0.735,96367.9,8401
1.736,1.0396,0.736,96417.5,8395.18
1.737,1.03945,0.737,96467.1,8389.34
1.738,1.0393,0.738,96516.4,8383.47
1.739,1.03915,0.739,96565.6,8377.57
1.74,1.039,0.74,96614.6,8371.65
1.741,1.03885,0.741,96663.5,8365.69
1.742,1.0387,0.742,96712.1,8359.71
1.743,1.03855,0.743,96760.7,8353.71
1.744,1.0384,0.744,96809,8347.67
1.745,1.03825,0.745,96857.2,8341.61
1.746,1.0381,0.746,96905.2,8335.52
1.747,1.03795,0.747,96953,8329.4
1.748,1.0378,0.748,97000.7,8323.26
1.749,1.03765,0.749,97048.1,8317.09
1.75,1.0375,0.75,97095.5,8310.89
1.751,1.03735,0.751,97142.6,8304.67
1.752,1.0372,0.752,97189.6,8298.42
1.753,1.03705,0.753,97236.4,8292.14
1.754,1.0369,0.754,97283,8285.83
1.755,1.03675,0.755,97329.4,8279.5
1.756,1.0366,0.756,97375.7,8273.14
1.757,1.03645,0.757,97421.8,8266.75
1.758,1.0363,0.758,97467.7,8260.34
1.759,1.03615,0.759,97513.4,8253.9
1.76,1.036,0.76,97559,8247.44
1.761,1.03585,0.761,97604.4,8240.94
1.762,1.0357,0.762,97649.6,8234.42
1.763,1.03555,0.763,97694.6,8227.88
1.764,1.0354,0.764,97739.4,8221.31
1.765,1.03525,0.765,97784.1,8214.71
1.766,1.0351,0.766,97828.5,8208.08
1.767,1.03495,0.767,97872.8,8201.43
1.768,1.0348,0.768,97916.9,8194.75
1.769,1.03465,0.769,97960.9,8188.05
1.77,1.0345,0.77,98004.6,8181.32
1.771,1.03435,0.771,98048.2,8174.57
1.772,1.0342,0.772,98091.5,8167.78
1.773,1.03405,0.773,98134.7,8160.98
1.774,1.0339,0.774,98177.7,8154.14
1.775,1.03375,0.775,98220.5,8147.28
1.776,1.0336,0.776,98263.2,8140.4
1.777,1.03345,0.777,98305.6,8133.48
1.778,1.0333,0.778,98347.9,8126.55
1.779,1.03315,0.779,98389.9,8119.58
1.78,1.033,0.78,98431.8,8112.59
1.781,1.03285,0.781,98473.5,8105.58
1.782,1.0327,0.782,98515,8098.54
1.783,1.03255,0.783,98556.3,8091.47
1.784,1.0324,0.784,98597.4,8084.38
1.785,1.03225,0.785,98638.3,8077.26
1.786,1.0321,0.786,98679,8070.12
1.787,1.03195,0.787,98719.6,8062.95
1.788,1.0318,0.788,98759.9,8055.76
1.789,1.03165,0.789,98800,8048.54
1.79,1.0315,0.79,98840,8041.3
1.791,1.03135,0.791,98879.7,8034.03
1.792,1.0312,0.792,98919.3,8026.74
1.793,1.03105,0.793,98958.7,8019.42
1.794,1.0309,0.794,98997.8,8012.07
1.795,1.03075,0.795,99036.8,8004.7
1.796,1.0306,0.796,99075.6,7997.31
1.797,1.03045,0.797,99114.1,7989.89
1.798,1.0303,0.798,99152.5,7982.45
1.799,1.03015,0.799,99190.7,7974.98
1.8,1.03,0.8,99228.6,7967.48
1.801,1.02985,0.801,99266.4,7959.97
1.802,1.0297,0.802,99304,7952.42
1.803,1.02955,0.803,99341.3,7944.86
1.804,1.0294,0.804,99378.5,7937.26
1.805,1.02925,0.805,99415.5,7929.65
1.806,1.0291,0.806,99452.2,7922.01
1.807,1.02895,0.807,99488.8,7914.34
1.808,1.0288,0.808,99525.1,7906.65
1.809,1.02865,0.809,99561.3,7898.94
1.81,1.0285,0.81,99597.2,7891.2
1.811,1.02835,0.811,99632.9,7883.43
1.812,1.0282,0.812,99668.5,7875.65
1.813,1.02805,0.813,99703.8,7867.83
1.814,1.0279,0.814,99738.9,7860
1.815,1.02775,0.815,99773.8,7852.14
1.816,1.0276,0.816,99808.5,7844.26
1.817,1.02745,0.817,99842.9,7836.35
1.818,1.0273,0.818,99877.2,7828.42
1.819,1.02715,0.819,99911.3,7820.46
1.82,1.027,0.82,99945.1,7812.48
1.821,1.02685,0.821,99978.8,7804.48
1.822,1.0267,0.822,100012,7796.45
1.823,1.02655,0.823,100045,7788.4
1.824,1.0264,0.824,100078,7780.33
1.825,1.02625,0.825,100111,7772.23
1.826,1.0261,0.826,100144,7764.11
1.827,1.02595,0.827,100176,7755.97
1.828,1.0258,0.828,100208,7747.8
1.829,1.02565,0.829,100240,7739.61
1.83,1.0255,0.83,100272,7731.4
1.831,1.02535,0.831,100303,7723.16
1.832,1.0252,0.832,100335,7714.9
1.833,1.02505,0.833,100366,7706.61
1.834,1.0249,0.834,100397,7698.31
1.835,1.02475,0.835,100427,7689.98
1.836,1.0246,0.836,100458,7681.62
1.837,1.02445,0.837,100488,7673.25
1.838,1.0243,0.838,100518,7664.85
1.839,1.02415,0.839,100547,7656.43
1.84,1.024,0.84,100577,7647.98
1.841,1.02385,0.841,100606,7639.51
1.842,1.0237,0.842,100635,7631.02
1.843,1.02355,0.843,100664,7622.51
1.844,1.0234,0.844,100693,7613.98
1.845,1.02325,0.845,100721,7605.42
1.846,1.0231,0.846,100749,7596.84
1.847,1.02295,0.847,100777,7588.23
1.848,1.0228,0.848,100805,7579.61
1.849,1.02265,0.849,100832,7570.96
1.85,1.0225,0.85,100860,7562.29
1.851,1.02235,0.851,100887,7553.6
1.852,1.0222,0.852,100914,7544.89
1.853,1.02205,0.853,100940,7536.15
1.854,1.0219,0.854,100967,7527.39
1.855,1.02175,0.855,100993,7518.61
1.856,1.0216,0.856,101019,7509.81
1.857,1.02145,0.857,101044,7500.98
1.858,1.0213,0.858,101070,7492.14
1.859,1.02115,0.859,101095,7483.27
1.86,1.021,0.86,101120,7474.38
1.861,1.02085,0.861,101145,7465.47
1.862,1.0207,0.862,101169,7456.53
1.863,1.02055,0.863,101193,7447.58
1.864,1.0204,0.864,101217,7438.6
1.865,1.02025,0.865,101241,7429.6
1.866,1.0201,0.866,101265,7420.59
1.867,1.01995,0.867,101288,7411.54
1.868,1.0198,0.868,101311,7402.48
1.869,1.01965,0.869,101334,7393.4
1.87,1.0195,0.87,101357,7384.29
1.871,1.01935,0.871,101379,7375.17
1.872,1.0192,0.872,101401,7366.02
1.873,1.01905,0.873,101423,7356.85
1.874,1.0189,0.874,101445,7347.67
1.875,1.01875,0.875,101466,7338.46
1.876,1.0186,0.876,101487,7329.22
1.877,1.01845,0.877,101508,7319.97
1.878,1.0183,0.878,101529,7310.7
1.879,1.01815,0.879,101549,7301.41
1.88,1.018,0.88,101569,7292.09
1.881,1.01785,0.881,101589,7282.76
1.882,1.0177,0.882,101609,7273.4
1.883,1.01755,0.883,101629,7264.03
1.884,1.0174,0.884,101648,7254.63
1.885,1.01725,0.885,101667,7245.22
1.886,1.0171,0.886,101686,7235.78
1.887,1.01695,0.887,101704,7226.32
1.888,1.0168,0.888,101722,7216.84
1.889,1.01665,0.889,101740,7207.35
1.89,1.0165,0.89,101758,7197.83
1.891,1.01635,0.891,101776,7188.29
1.892,1.0162,0.892,101793,7178.73
1.893,1.01605,0.893,101810,7169.15
1.894,1.0159,0.894,101827,7159.56
1.895,1.01575,0.895,101843,7149.94
1.896,1.0156,0.896,101859,7140.3
1.897,1.01545,0.897,101875,7130.64
1.898,1.0153,0.898,101891,7120.97
1.899,1.01515,0.899,101907,7111.27
1.9,1.015,0.9,101922,7101.55
1.901,1.01485,0.901,101937,7091.82
1.902,1.0147,0.902,101952,7082.06
1.903,1.01455,0.903,101966,7072.29
1.904,1.0144,0.904,101980,7062.49
1.905,1.01425,0.905,101994,7052.68
1.906,1.0141,0.906,102008,7042.85
1.907,1.01395,0.907,102022,7033
1.908,1.0138,0.908,102035,7023.12
1.909,1.01365,0.909,102048,7013.23
1.91,1.0135,0.91,102060,7003.33
1.911,1.01335,0.911,102073,6993.4
1.912,1.0132,0.912,102085,6983.45
1.913,1.01305,0.913,102097,6973.48
1.914,1.0129,0.914,102109,6963.5
1.915,1.01275,0.915,102120,6953.5
1.916,1.0126,0.916,102131,6943.47
1.917,1.01245,0.917,102142,6933.43
1.918,1.0123,0.918,102153,6923.38
1.919,1.01215,0.919,102163,6913.3
1.92,1.012,0.92,102173,6903.2
1.921,1.01185,0.921,102183,6893.09
1.922,1.0117,0.922,102192,6882.95
1.923,1.01155,0.923,102202,6872.8
1.924,1.0114,0.924,102211,6862.63
1.925,1.01125,0.925,102219,6852.45
1.926,1.0111,0.926,102228,6842.24
1.927,1.01095,0.927,102236,6832.02
1.928,1.0108,0.928,102244,6821.77
1.929,1.01065,0.929,102252,6811.51
1.93,1.0105,0.93,102259,6801.24
1.931,1.01035,0.931,102266,6790.94
1.932,1.0102,0.932,102273,6780.63
1.933,1.01005,0.933,102280,6770.3
1.934,1.0099,0.934,102286,6759.95
1.935,1.00975,0.935,102292,6749.58
1.936,1.0096,0.936,102298,6739.2
1.937,1.00945,0.937,102304,6728.8
1.938,1.0093,0.938,102309,6718.38
1.939,1.00915,0.939,102314,6707.94
1.94,1.009,0.94,102319,6697.49
1.941,1.00885,0.941,102323,6687.02
1.942,1.0087,0.942,102327,6676.53
1.943,1.00855,0.943,102331,6666.03
1.944,1.0084,0.944,102335,6655.51
1.945,1.00825,0.945,102338,6644.97
1.946,1.0081,0.946,102341,6634.41
1.947,1.00795,0.947,102344,6623.84
1.948,1.0078,0.948,102347,6613.25
1.949,1.00765,0.949,102349,6602.65
1.95,1.0075,0.95,102351,6592.02
1.951,1.00735,0.951,102352,6581.38
1.952,1.0072,0.952,102354,6570.73
1.953,1.00705,0.953,102355,6560.06
1.954,1.0069,0.954,102356,6549.37
1.955,1.00675,0.955,102356,6538.66
1.956,1.0066,0.956,102357,6527.94
1.957,1.00645,0.957,102357,6517.2
1.958,1.0063,0.958,102356,6506.45
1.959,1.00615,0.959,102356,6495.68
1.96,1.006,0.96,102355,6484.89
1.961,1.00585,0.961,102354,6474.09
1.962,1.0057,0.962,102352,6463.27
1.963,1.00555,0.963,102351,6452.44
1.964,1.0054,0.964,102349,6441.59
1.965,1.00525,0.965,102347,6430.72
1.966,1.0051,0.966,102344,6419.84
1.967,1.00495,0.967,102341,6408.95
1.968,1.0048,0.968,102338,6398.03
1.969,1.00465,0.969,102335,6387.1
1.97,1.0045,0.97,102331,6376.16
1.971,1.00435,0.971,102327,6365.2
1.972,1.0042,0.972,102323,6354.23
1.973,1.00405,0.973,102318,6343.24
1.974,1.0039,0.974,102313,6332.23
1.975,1.00375,0.975,102308,6321.21
1.976,1.0036,0.976,102303,6310.18
1.977,1.00345,0.977,102297,6299.13
1.978,1.0033,0.978,102291,6288.06
1.979,1.00315,0.979,102285,6276.98
1.98,1.003,0.98,102278,6265.89
1.981,1.00285,0.981,102271,6254.78
1.982,1.0027,0.982,102264,6243.65
1.983,1.00255,0.983,102257,6232.51
1.984,1.0024,0.984,102249,6221.36
1.985,1.00225,0.985,102241,6210.19
1.986,1.0021,0.986,102232,6199.01
1.987,1.00195,0.987,102224,6187.81
1.988,1.0018,0.988,102215,6176.6
1.989,1.00165,0.989,102206,6165.38
1.99,1.0015,0.99,102196,6154.14
1.991,1.00135,0.991,102186,6142.88
1.992,1.0012,0.992,102176,6131.61
1.993,1.00105,0.993,102166,6120.33
1.994,1.0009,0.994,102155,6109.03
1.995,1.00075,0.995,102144,6097.72
1.996,1.0006,0.996,102133,6086.4
1.997,1.00045,0.997,102121,6075.06
1.998,1.0003,0.998,102109,6063.71
1.999,1.00015,0.999,102097,6052.35
